"","palabra_1","palabra_2","palabra_3","palabra_4","palabra_5","gaais_1n","gaais_2n","gaais_3n","gaais_4n","gaais_5n","gaais_6n","gaais_7n","gaais_8n","gaais_9n","gaais_1p","gaais_2p","gaais_3p","gaais_4p","gaais_5p","gaais_6p","gaais_7p","gaais_8p","conocimiento","experiencia","edad","genero","estudio","ocupacion","uso_redes","uso_plataformas","uso_apps","uso_ias","uso_asistentes","uso_robots","minipip_1","minipip_2","minipip_3","minipip_4","minipip_5","minipip_6r","minipip_7r","minipip_8r","minipip_9r","minipip_10r","minipip_11","minipip_12","minipip_13","minipip_14","minipip_15r","minipip_16r","minipip_17r","minipip_18r","minipip_19r","minipip_20r","timestamp","id"
"1","comunicacion","chatgpt","robot","terminator","mente",2,4,2,1,4,4,2,2,2,3,2,4,3,4,4,4,4,6,4,42,"Trans / No-binarix","Posgrado","Ocupado/a en ciencias sociales, físicas o de la vida",4,4,4,4,1,1,2,2,3,2,4,4,2,2,3,1,1,1,4,3,1,4,1,2,4,1,2023-11-10 21:05:06.918,1
"2","Tecnología","Manipulación","Futuro","Robots","Soluciones",2,2,4,2,4,3,2,2,5,4,3,5,4,4,4,2,4,7,7,35,"Varón","Posgrado","Ocupado/a en bibliotecas, educación o capacitación",4,4,2,3,3,1,2,5,4,2,4,2,1,2,2,1,4,5,5,2,1,4,1,1,2,2,2023-11-17 11:10:01.414,2
"3","Sistema","Información","Informática","Rapidez","Futuro",5,2,2,1,1,2,1,1,1,4,4,3,4,5,4,4,4,6,6,50,"Varón","Universitario o terciario","Ocupado/a en operaciones comerciales o financieras",2,4,3,2,1,1,3,5,4,2,5,3,1,1,3,4,5,4,5,3,1,5,1,3,5,2,2023-11-30 09:10:57.040999,3
"4","Robot","Ayuda","Cerebro","Soluciones","Servicio",3,1,1,1,5,3,3,1,1,5,3,3,3,5,1,3,3,3,1,37,"Mujer","Universitario o terciario","Ocupado/a en ventas y actividades comerciales",4,4,2,1,2,1,3,5,4,1,5,1,1,1,1,3,5,5,5,5,3,3,1,1,4,1,2023-11-30 09:30:38.932,4
"5","Sistema","Rendimiento","Efectividad","Rapidez","Robotica",5,3,3,2,3,2,2,2,2,2,5,3,4,4,3,2,3,4,5,43,"Mujer","Universitario o terciario","Ocupado/a en operaciones comerciales o financieras",4,4,4,3,3,2,4,4,3,1,3,2,2,2,3,2,3,5,5,2,2,4,1,1,5,3,2023-11-30 09:33:08.305,5
"6","Tecnología","Virtual",".",".",".",4,1,1,1,4,1,3,1,1,3,1,3,2,1,3,2,3,8,8,45,"Mujer","Universitario o terciario","Ocupado/a en administración o gestión",3,4,3,2,1,1,3,4,4,2,4,3,3,1,4,3,2,3,2,1,3,5,1,2,2,2,2023-11-30 09:35:31.427,6
"7","Redes neuronales","Supervisión","Aprendizaje automático","Distopía","Invierno de la IA",3,1,1,1,3,1,3,1,4,5,1,5,5,5,5,4,5,6,6,39,"Varón","Posgrado","Ocupado/a en matemáticas o computación",4,4,2,3,1,1,1,4,5,1,4,4,2,1,3,1,1,3,4,1,1,5,1,2,5,1,2023-11-30 09:40:27.114,7
"8","Computadora","robosts","asombroso","Rapidez","Miedo",2,4,2,3,2,3,1,2,2,5,4,4,3,3,5,2,2,7,9,34,"Mujer","Universitario o terciario","Ocupado/a en ventas y actividades comerciales",4,3,4,3,1,1,2,5,4,3,4,4,4,3,3,3,2,3,2,1,2,3,1,4,3,2,2023-11-30 09:57:58.223,8
"9","Tecnología","Progreso","Actualidad","Futurismo","Desempleo",5,5,2,5,4,5,3,4,5,3,1,3,3,5,5,5,4,3,3,28,"Mujer","Universitario o terciario","Ocupado/a en ventas y actividades comerciales",4,3,3,1,3,1,4,5,3,1,2,5,2,1,3,3,2,4,4,1,4,3,2,3,4,4,2023-11-30 09:58:57.755,9
"10","Tecnología","Miedo","Posibilidad","Ambiguo","Robots",1,3,2,4,3,5,5,5,2,3,1,3,1,5,5,1,3,3,6,25,"Mujer","Universitario o terciario","Ocupado/a en ventas y actividades comerciales",4,4,4,2,3,1,3,5,3,3,4,3,3,1,2,2,2,4,4,3,2,3,1,2,4,3,2023-11-30 10:34:05.1,10
"11","Futuro","Tecnologia","Reemplazo","Desconocimiento","Velocidad",2,4,2,3,4,4,3,2,3,3,1,4,3,1,5,2,3,3,5,36,"Varón","Universitario o terciario","Ocupado/a en administración o gestión",4,4,4,1,2,1,3,1,3,1,2,3,4,2,4,1,3,2,2,2,1,2,3,4,4,4,2023-11-30 11:12:43.822,11
"12","Chatgpt","Openai","Lenguaje","Miedo","Código",3,4,2,2,4,4,3,3,2,4,3,4,4,4,4,3,5,6,6,34,"Varón","Posgrado","Ocupado/a en matemáticas o computación",3,4,1,4,1,1,3,3,3,2,3,2,3,2,2,1,5,3,5,5,2,5,2,4,2,4,2023-12-04 23:34:12.302,12
"13","machine","prediccion","chat gpt","redes","robot",1,3,3,2,5,4,4,4,5,5,4,5,5,5,5,5,5,9,9,34,"Varón","Universitario o terciario","Ocupado/a en matemáticas o computación",4,4,3,4,3,3,4,4,4,1,4,2,3,5,4,3,3,2,4,2,4,4,1,5,5,2,2023-12-05 18:11:22.287,13
"14","Progreso","Oportunidadades","Automatización","Beneficios","Mejora",2,1,1,2,4,2,4,2,4,5,3,5,5,5,5,5,5,7,4,28,"Varón","Universitario o terciario","Ocupado/a en matemáticas o computación",4,4,2,1,2,2,3,4,4,2,3,3,2,2,4,3,5,3,4,2,3,3,2,3,4,3,2023-12-09 20:57:01.338,14
"15","Robot","Metal","Sentimientos","Desierto","Bruma",2,3,3,4,4,4,4,4,2,3,3,3,3,2,3,4,3,2,2,40,"Mujer","Secundario","Ocupado/a en comunicación, arte, deportes, o entretenimiento",4,4,3,2,2,2,1,3,3,3,4,3,2,1,3,2,3,4,4,2,3,4,1,3,4,2,2023-12-09 20:58:13.652,15
"16","Chatgpt","Robot","Internet","Redes sociales","Innovacion",1,5,2,2,5,4,2,2,3,4,2,4,4,5,5,4,4,6,4,36,"Varón","Secundario","Ocupado/a en bibliotecas, educación o capacitación",4,4,4,2,3,1,3,4,4,3,2,5,2,2,4,3,2,4,5,2,2,4,2,2,4,4,2023-12-09 21:05:20.328,16
"17","Asistencia","Automatica","Computadora","Rapida","Mecanizada",2,2,2,1,4,2,2,2,3,4,4,5,4,4,4,4,4,5,5,32,"Varón","Universitario o terciario","Ocupado/a en agricultura, pesca y ganadería",3,3,3,2,2,2,4,4,2,2,4,3,1,3,3,3,3,3,4,2,2,3,1,3,3,3,2023-12-09 21:05:46.322999,17
"18","Progreso","Actualización","Peligro","Util","Tecnología",2,5,4,5,3,5,2,4,4,5,1,4,5,5,5,3,2,4,5,26,"Mujer","Universitario o terciario","Ocupado/a en servicios de salud",4,4,2,1,1,1,1,5,2,4,4,1,1,3,3,1,5,5,2,2,4,4,1,5,2,2,2023-12-09 21:12:52.009,18
"19","chat gpt","bard","redes neuronales","datos","genIA",5,1,1,2,5,4,4,2,1,4,5,4,5,5,4,4,5,7,9,43,"Varón","Posgrado","Ocupado/a en administración o gestión",4,3,2,3,3,2,2,4,3,2,3,4,2,2,5,1,3,4,4,2,1,4,2,2,1,1,2023-12-09 21:13:31.027,19
"20","Futuro","Peligro","Trabajo","Seguridad","Ayuda",5,3,3,2,3,5,4,2,5,3,3,3,3,5,4,4,3,3,5,36,"Varón","Secundario","Ocupado/a en administración o gestión",4,4,4,1,2,1,3,5,3,3,5,3,1,1,3,3,1,5,5,3,3,2,3,2,3,2,2023-12-09 21:25:11.044,20
"21","Futurismo","Robot","Tecnología","Velocidad","Ciencia",3,1,1,1,5,3,2,1,1,5,5,5,5,5,5,5,5,5,5,37,"Mujer","Universitario o terciario","Ocupado/a en administración o gestión",4,4,2,2,2,1,1,5,4,3,4,3,1,1,2,1,4,5,5,4,3,3,1,1,3,3,2023-12-09 21:25:34.343,21
"22","Robot","Futuro","Desconfianza","Deshumanización","Preocupación",2,5,4,4,1,4,2,4,5,3,2,2,3,3,4,2,5,4,4,39,"Mujer","Universitario o terciario","Ocupado/a en bibliotecas, educación o capacitación",4,3,3,2,2,2,3,5,4,3,4,1,1,1,3,3,4,4,4,2,2,4,1,1,3,1,2023-12-09 21:25:51.093999,22
"23","tecnología","innovación","increíble","automatización","robots",1,4,1,3,2,4,1,2,2,5,3,4,5,5,5,3,1,3,1,19,"Mujer","Universitario o terciario","Ocupado/a en el cuidado de otras personas",4,4,2,1,1,1,2,5,4,4,4,2,1,1,3,1,2,4,4,5,2,5,1,2,2,1,2023-12-09 22:15:39.209,23
"24","Computadora","Rapidez","Eficacia","Practicidad","Accesibilidad",1,4,4,4,1,4,1,4,5,3,1,3,3,4,4,5,1,1,1,25,"Mujer","Universitario o terciario","Estudiante",4,4,2,1,2,1,1,5,2,4,4,1,1,1,1,1,5,5,4,4,2,2,1,2,1,1,2023-12-09 22:37:28.228,24
"25","Tecnologia","Rapidez","Robot","Ciencia","Máquina 2",3,1,2,5,4,5,4,5,5,2,2,2,3,2,5,4,4,1,1,59,"Mujer","Universitario o terciario","Ocupado/a en administración o gestión",2,3,3,1,3,3,3,4,4,3,3,1,4,1,3,2,2,5,4,5,5,3,3,3,3,4,2023-12-09 23:20:11.88,25
"26","Rápido","Solución","Eficiencia","Respuestas","Diverso",2,4,4,1,4,3,3,1,1,5,2,3,4,4,5,2,5,3,5,30,"Mujer","Universitario o terciario","Ocupado/a en servicios de salud",4,4,4,2,1,1,3,4,3,3,2,2,1,3,3,5,5,4,5,2,5,3,1,1,3,2,2023-12-09 23:23:49.894,26
"27","Herramienta","Asistente","Silucion","Busqueda","Respuesta",4,4,1,2,5,3,3,1,1,5,3,5,4,5,5,3,5,7,7,39,"Varón","Secundario","Ocupado/a en matemáticas o computación",3,4,2,3,1,1,2,3,3,2,3,2,2,5,2,1,2,3,1,1,1,3,2,5,2,2,2023-12-09 23:35:07.58,27
"28","Sistema","Información","Peligro","Incontrolado","Herramienta",2,4,3,2,3,4,2,3,5,4,1,4,4,4,5,3,4,5,3,35,"Varón","Posgrado","Ocupado/a en legales",2,4,3,1,1,1,3,5,4,1,4,1,1,2,3,2,3,5,5,1,1,2,1,2,2,2,2023-12-09 23:53:22.585,28
"29","Velocidad","Precision","Capacidad","Trabajo","Certeza",5,1,1,1,1,1,1,1,1,5,1,1,5,5,1,5,5,5,1,61,"Mujer","Universitario o terciario","Ocupado/a en administración o gestión",1,4,1,1,3,1,4,5,5,1,3,1,1,3,3,1,5,5,3,1,1,5,1,1,4,3,2023-12-10 00:28:39.054,29
"30","Incognita","Futuro","Suerte","Desconocimiento","Fe",5,5,5,5,5,5,5,5,5,5,5,5,5,5,5,5,5,9,9,58,"Varón","Secundario","Ocupado/a en elaboración y servicio de alimentos",4,4,1,1,1,1,3,5,4,1,5,5,5,5,5,5,5,5,5,1,5,5,5,5,5,5,2023-12-10 00:35:29.274,30
"31","Tecnología","Robot","Académico","Resolver","Innovación",2,4,3,4,2,3,2,3,4,4,3,3,3,2,4,3,3,3,3,33,"Mujer","Posgrado","Ocupado/a en el cuidado de otras personas",4,3,2,2,2,1,3,5,4,3,4,2,2,2,4,2,4,4,4,2,2,4,1,2,2,2,2023-12-10 07:32:17.725,31
"32","Robot","dominar","no creatividad","facilidad","futuro",2,5,3,3,4,4,1,3,4,4,1,2,3,4,5,2,2,3,3,32,"Mujer","Posgrado","Ocupado/a en servicios de salud",4,4,4,1,3,2,3,5,3,3,5,1,1,3,3,4,3,4,4,3,2,3,1,3,3,1,2023-12-10 10:41:22.378,32
"33","Respuesta","Informacion","Solucion","Automatico","Maquina",4,2,3,3,2,1,3,2,4,3,2,3,3,4,4,3,2,4,3,38,"Varón","Universitario o terciario","Ocupado/a en operaciones comerciales o financieras",4,4,2,1,2,1,2,5,4,2,4,1,1,4,4,4,5,4,3,1,2,4,1,3,5,1,2023-12-10 10:54:21.983,33
"34","Eficacia","Innovación","Desarrollo","Oportunidades","Automatización",3,3,4,4,2,4,3,4,4,2,3,4,2,2,2,3,2,6,6,32,"Varón","Posgrado","Ocupado/a en administración o gestión",2,3,3,2,2,1,3,4,4,3,3,1,1,2,4,2,4,4,5,3,2,3,1,1,2,3,2023-12-10 16:26:24.365,34
"35","Automático","Avance","Peligro","Interacción","Amigarse",3,2,1,3,4,3,3,2,3,5,1,3,4,5,5,4,3,7,8,37,"Varón","Universitario o terciario","Ocupado/a en el cuidado de otras personas",4,4,2,1,1,2,1,5,3,2,4,4,1,3,4,3,1,4,3,2,3,5,1,3,3,2,2023-12-10 17:07:16.853,35
"36","Estadística","Ayuda","Desarrollo","Tecnologia","Revolución",4,2,1,3,4,4,3,1,1,5,3,4,5,5,5,5,5,8,9,44,"Varón","Posgrado","Ocupado/a en matemáticas o computación",4,4,3,4,2,4,2,4,3,2,3,2,2,1,3,4,4,4,4,3,4,4,2,3,4,2,2023-12-10 22:29:01.042,36
"37","Intriga","Miedo","Ayuda","Peligroso","Avance",1,5,3,3,2,5,2,3,2,5,2,5,4,5,5,3,4,6,5,34,"Mujer",NA,"Ocupado/a en servicios de salud",4,4,3,2,2,1,3,5,4,4,3,1,1,2,2,2,3,4,4,3,2,3,1,2,4,2,2023-12-11 10:44:54.181,37
"38","Avance tecnológico","Desafío","Temor","Desconocimiento","Herramienta",2,5,4,4,3,4,3,3,3,3,3,4,3,4,5,4,3,1,1,33,"Mujer","Posgrado","Ocupado/a en servicios de salud",4,3,2,1,2,1,2,5,4,2,4,3,2,1,5,3,1,3,5,1,3,5,1,2,4,1,2023-12-11 13:24:27.996,38
"39","Neuromante","Hal 3000","turing","versión fuerte de la analogía","saraza",1,4,4,2,3,4,3,4,4,2,3,3,3,3,3,1,3,7,7,50,"Mujer","Prefiero no decirlo","Ocupado/a en legales",4,3,1,3,1,1,1,1,1,1,1,1,1,1,1,1,1,1,1,1,1,1,1,1,1,1,2023-12-14 13:25:20.684,39
"40","Peligro","Avance","Incoherencia","Irracional","Desligue",2,2,1,5,2,5,2,4,4,4,4,4,4,4,4,3,4,9,8,27,"Varón","Universitario o terciario","Ocupado/a en comunicación, arte, deportes, o entretenimiento",4,4,3,3,3,2,1,5,5,5,5,3,1,3,1,1,4,5,5,4,1,5,1,3,3,5,2024-03-05 20:31:11.151999,40
"41","procesos.","desarrollo.","minimizar.","vida.","futuro.",5,1,1,4,4,2,4,1,5,5,4,5,4,5,5,3,5,7,7,43,"Varón","Universitario o terciario","Ocupado/a en ciencias sociales, físicas o de la vida",4,4,3,4,3,3,5,5,5,1,5,1,4,2,4,1,4,5,5,3,1,5,3,1,5,1,2024-03-06 10:08:03.069,41
"42","Futuro","Yo Robot","Automatización","Peligro","Herramienta",5,5,1,3,5,5,2,1,2,5,1,5,5,5,5,5,5,5,6,27,"Mujer","Universitario o terciario","Ocupado/a en administración o gestión",4,4,3,2,2,2,2,5,5,5,4,5,1,1,1,1,1,5,5,5,2,1,1,2,1,2,2024-03-06 11:18:35.459,42
"43","Tecnología","Programación","Evolución","Copilot","Riesgo",5,1,1,3,4,5,3,2,4,5,4,5,5,5,5,2,5,6,7,22,"Mujer","Universitario o terciario","Estudiante",4,4,4,4,2,1,3,5,3,4,5,2,1,1,2,1,4,5,5,4,1,3,1,1,3,1,2024-03-06 11:23:34.666,43
"44","tecnología","avance","robótica","máquina","autómata",2,5,4,3,5,3,3,3,4,5,5,4,5,5,5,5,5,4,6,43,"Mujer","Universitario o terciario","Ocupado/a en bibliotecas, educación o capacitación",4,4,4,3,3,2,1,5,4,3,4,3,2,4,5,3,2,3,3,4,2,5,2,5,3,1,2024-03-06 15:42:37.558,44
"45","Superficial","Superfluo","poco durable","coeficiente intelectual","frio",1,2,3,3,2,3,3,3,3,3,2,3,4,3,5,5,4,2,1,43,"Mujer","Universitario o terciario","Estudiante",2,3,2,1,1,1,4,4,4,4,3,4,4,1,2,5,2,3,5,4,5,3,2,1,3,3,2024-03-06 15:45:35.399,45
"46","Tecnología","Ciencia","Accesibilidad","Cambio","Construcción",1,5,4,1,4,4,1,1,3,5,4,3,4,5,5,2,4,7,7,37,"Mujer","Universitario o terciario","Ocupado/a en ciencias sociales, físicas o de la vida",3,3,3,2,2,3,2,5,4,4,4,1,1,2,1,2,4,4,4,4,1,3,1,2,1,1,2024-03-07 10:07:21.4,46
"47","Dominación","Onmipresente","Interconexión","Capacidad propia","Personas",2,4,2,3,4,4,4,4,1,4,3,4,3,4,3,3,1,8,7,35,"Varón","Universitario o terciario","Ocupado/a en reparación, mantenimiento, limpieza",1,4,2,2,3,2,4,4,4,2,4,1,1,1,4,1,4,4,5,2,1,3,1,1,2,2,2024-03-07 16:48:00.017,47
"48","algoritmo","datos","aplicaciones","bots","automatización",1,1,2,1,1,2,1,1,4,5,3,4,4,4,5,4,5,6,6,33,"Varón","Posgrado","Ocupado/a en ciencias sociales, físicas o de la vida",4,3,2,2,2,1,1,5,4,1,5,5,1,3,4,1,1,4,5,1,1,5,1,1,1,1,2024-03-07 18:27:10.556,48
"49","Automatización","Sistematicidad","Velocidad","Eficiencia","Incertidumbre",3,2,3,2,5,4,3,2,2,5,4,4,4,4,4,3,4,7,8,24,"Varón","Universitario o terciario","Ocupado/a en ciencias sociales, físicas o de la vida",2,4,2,3,2,1,2,5,4,2,5,2,1,4,5,1,2,5,4,1,1,2,1,3,5,1,2024-03-28 18:23:00.739,49
"50","Facil","Peligro","Ayuda","Velocidad","Atajo",1,5,2,3,5,4,2,3,3,2,2,3,1,3,5,1,2,6,4,31,"Varón","Universitario o terciario","Ocupado/a en bibliotecas, educación o capacitación",4,4,3,2,2,1,1,3,2,1,4,2,1,4,3,1,2,5,5,3,1,5,1,4,4,1,2024-04-01 13:08:19,50
"51","Robot","Tecnología","Digital","Investigación","Soluciones",3,3,2,1,2,2,1,2,4,4,2,4,4,5,5,3,5,5,4,46,"Mujer","Universitario o terciario","Ocupado/a en ciencias sociales, físicas o de la vida",4,4,4,2,2,3,1,5,3,3,3,2,1,4,2,2,3,4,3,3,2,5,1,4,4,4,2024-04-01 13:15:12.364,51
"52","Tecnología","Robot","Impersonal","Evolución","Digital",1,4,4,4,2,5,2,3,4,4,3,3,3,4,3,2,3,4,3,36,"Mujer","Universitario o terciario","Ocupado/a en bibliotecas, educación o capacitación",4,4,3,2,1,1,4,5,5,3,4,5,2,2,4,3,2,4,5,3,3,4,1,2,3,3,2024-04-01 13:46:28.161,52
"53","Moderno","Miedo","Calculador","Útil","Potencial",3,2,1,1,5,1,3,1,2,5,4,5,5,5,5,4,3,7,6,23,"Varón","Universitario o terciario","Estudiante",4,4,2,3,2,1,2,4,4,2,4,5,5,1,4,1,1,2,5,1,1,5,4,1,5,2,2024-04-06 15:34:50.602,53
"54","datos","lenguaje","patrones","procesamiento","informacion",3,2,3,2,4,3,4,3,4,4,3,5,5,5,5,3,5,6,8,49,"Varón","Secundario","Ocupado/a en ventas y actividades comerciales",3,3,2,2,1,2,3,4,3,2,4,3,2,4,3,1,5,4,4,3,1,4,1,4,3,2,2024-04-07 00:37:50.127,54
"55","avasallante","ficcion","desconociminto","intrigante","era",4,5,2,2,2,4,2,3,5,4,1,3,4,3,4,2,3,2,2,45,"Mujer","Universitario o terciario","Ocupado/a en ventas y actividades comerciales",4,4,2,1,1,1,3,5,3,1,3,2,1,1,3,4,5,4,4,2,3,3,1,1,4,2,2024-04-07 11:43:27.14,55
"56","Robot","Ciencia","Tecnología","Futuro","Ciencia ficción",3,5,3,2,4,2,1,1,5,4,5,5,5,5,4,5,3,2,2,31,"Mujer","Universitario o terciario","Ocupado/a en comunicación, arte, deportes, o entretenimiento",4,4,4,1,1,1,5,4,5,5,5,1,3,1,1,3,5,4,5,5,3,3,3,1,3,1,2024-04-14 20:15:37.235,56
"57","Herramienta","Recurso","Precaucion","Automatizacion","Deshumanizacion",1,2,3,2,1,3,2,3,3,3,1,2,2,3,5,2,2,5,4,45,"Varón","Universitario o terciario","Ocupado/a en operaciones comerciales o financieras",3,3,3,1,2,1,1,4,4,3,2,3,1,2,2,4,3,2,4,4,2,1,2,3,3,2,2024-04-17 09:40:59.484001,57
"58","Skynet","Máquina","Manipulación","Poder","Información",2,3,3,3,4,3,1,2,4,5,3,4,4,5,4,3,4,6,5,48,"Varón","Universitario o terciario","Ocupado/a en comunicación, arte, deportes, o entretenimiento",4,4,3,2,2,1,4,5,3,1,4,3,2,1,4,2,3,4,5,1,2,4,1,2,2,2,2024-04-18 00:15:19.579,58
"59","falso","informacion","tecnologia","robot","futuro",3,5,5,5,4,5,2,5,4,3,2,4,4,4,4,1,4,7,5,24,"Mujer","Universitario o terciario","Ocupado/a en ventas y actividades comerciales",4,4,4,2,3,4,4,5,1,4,5,1,1,3,1,1,4,4,4,4,2,3,1,2,2,1,2024-04-19 11:55:09.835,59
"60","Robot","eficiencia","inhumano","acero","rapidez",4,1,3,4,2,4,3,4,4,2,1,3,2,4,4,2,3,1,1,23,"Varón","Universitario o terciario","Estudiante",4,4,3,1,1,2,3,5,4,2,5,1,1,1,4,2,4,4,4,4,2,2,1,1,4,1,2024-04-19 12:06:34.707,60
"61","asistencia","soporte","desarrollo","co-piloto","refuerzo",3,1,1,2,2,2,3,1,1,5,4,5,3,4,4,5,5,7,7,24,"Varón","Universitario o terciario","Estudiante",3,4,1,4,4,1,4,4,2,2,4,1,1,3,4,1,5,4,3,2,1,2,2,2,5,4,2024-04-19 12:10:47.307,61
"62","Agilidad","Solución","Tecnología","Reemplazo","Entendimiento",3,4,3,2,3,2,2,3,2,4,4,4,1,3,4,3,3,8,8,37,"Mujer","Posgrado","Ocupado/a en ciencias sociales, físicas o de la vida",4,4,3,2,2,1,4,5,5,3,3,1,1,3,2,3,3,4,5,2,1,5,1,3,3,2,2024-04-19 12:22:40.41,62
"63","Deshumanización","Incontrolable","Irresponsabilidad social","Aceleración","Cambio de paradigma",1,5,4,5,5,5,3,5,5,5,1,5,4,4,5,1,2,4,3,24,"Mujer","Universitario o terciario","Estudiante",4,4,4,1,2,1,4,5,1,5,4,2,1,3,1,1,3,4,4,4,2,2,1,4,1,2,2024-04-19 12:23:44.5,63
"64","Avance","Utilidad","Miedo","Pérdida","Automatización",1,5,1,3,3,4,1,1,1,3,1,5,1,5,5,1,2,2,4,22,"Mujer","Universitario o terciario","Ocupado/a en administración o gestión",4,4,3,2,2,1,1,3,3,5,5,3,3,1,1,4,1,3,5,5,1,3,1,1,1,1,2024-04-19 12:37:03.788,64
"65","Máquinas","Velocidad","Volumen","Dificultad","Sesgo",2,4,2,1,4,4,2,1,4,5,3,5,5,5,5,4,4,6,6,29,"Mujer","Posgrado","Ocupado/a en ciencias sociales, físicas o de la vida",4,4,4,4,2,3,2,5,4,2,5,3,1,1,3,5,3,5,5,2,2,4,1,1,3,1,2024-04-19 12:51:29.846,65
"66","AI","Programación","Sesgo","Buscador","Síntesis",3,3,3,3,4,4,3,3,3,4,3,4,3,4,4,3,4,4,4,23,"Mujer","Universitario o terciario","Ocupado/a en ciencias sociales, físicas o de la vida",4,4,4,2,1,1,3,5,4,3,4,1,1,4,2,1,4,5,4,1,4,2,1,4,2,2,2024-04-19 12:56:37.597,66
"67","Desarrollo","Herramienta","Cognicion","Innovación","Aprendizaje",1,1,1,1,2,2,1,1,1,5,3,5,3,5,4,4,4,9,9,43,"Mujer","Posgrado","Entre trabajos o buscando empleo",2,4,4,2,2,3,3,5,5,1,5,1,1,1,5,1,4,5,5,5,1,2,1,1,5,5,2024-04-19 12:59:30.973001,67
"68","Tecnología","Control","Engaño","Utilidad","Miedo",3,5,3,4,2,5,3,4,3,4,2,4,4,4,5,2,2,4,5,22,"Varón","Universitario o terciario","Ocupado/a en ventas y actividades comerciales",4,4,3,1,2,2,3,4,4,4,4,3,2,2,3,1,4,4,5,4,1,2,2,2,1,4,2024-04-19 12:59:46.351,68
"69","Chat gpt","Ayuda","Tecnologia","Preocupacion","Aprendizaje",2,2,1,1,3,3,2,1,3,4,2,5,5,5,5,3,5,8,9,22,"Mujer","Universitario o terciario","Ocupado/a en ciencias sociales, físicas o de la vida",4,4,3,3,1,2,4,5,2,2,3,1,1,4,2,2,5,5,3,1,1,3,1,4,4,3,2024-04-19 13:02:20.673,69
"70","Mente","Rosa","Sesgo","Tecla","Código",3,4,4,3,4,4,3,2,4,3,4,3,3,3,3,3,4,7,6,35,"Mujer","Universitario o terciario","Ocupado/a en matemáticas o computación",4,4,2,1,1,1,3,3,2,3,3,3,2,3,2,3,4,3,3,3,4,3,3,4,2,3,2024-04-19 13:04:46.344,70
"71","Aprendizajes","Desarrollo","Tecnologia","Problematización","Reflexión",5,2,1,2,1,2,3,1,3,4,2,3,4,5,3,4,4,5,6,60,"Varón","Posgrado","Ocupado/a en bibliotecas, educación o capacitación",4,4,2,2,2,1,3,5,4,1,3,1,1,1,3,1,4,3,5,3,1,1,1,1,3,3,2024-04-19 13:05:25.382,71
"72","herramienta","creatividad","información","optimización","big data",3,1,1,1,3,2,3,1,4,5,4,5,5,5,4,4,5,6,7,60,"Mujer","Posgrado","Ocupado/a en bibliotecas, educación o capacitación",3,4,4,4,4,4,3,5,5,4,5,3,1,3,1,1,4,5,5,3,1,3,1,5,4,1,2024-04-19 13:11:51.217,72
"73","desarrollo","evolución","soluciones","peligro","desafio",1,4,3,4,4,5,5,4,3,5,3,3,5,5,5,3,3,4,8,39,"Varón","Universitario o terciario","Ocupado/a en administración o gestión",4,4,2,2,1,1,3,4,3,4,5,3,2,1,2,2,3,3,5,2,3,4,2,2,3,1,2024-04-19 13:15:10.071,73
"74","Actualidad","Desinteligencia","Miedo","Mentira","Control",2,2,2,1,3,3,1,3,3,2,1,1,2,5,2,3,1,1,1,47,"Mujer","Posgrado","Ocupado/a en ciencias sociales, físicas o de la vida",4,4,2,1,1,1,1,5,3,2,4,1,5,1,3,1,4,5,2,4,1,1,5,3,3,5,2024-04-19 13:44:11.443,74
"75","Inteligencia","Utilidad","Modelo","Conveniencia","Rentabilidad",4,5,3,4,4,2,4,2,5,3,1,1,4,4,4,1,2,4,4,32,"Varón","Universitario o terciario","Ocupado/a en administración o gestión",4,4,3,2,3,1,1,4,4,4,5,3,1,1,2,1,2,4,5,4,1,3,3,1,3,1,2024-04-19 13:50:21.971,75
"76","Agilidad","Resolución","Sesgos","Facilidad","Regulación",1,4,3,4,1,4,1,2,4,3,2,3,3,5,5,1,4,6,7,29,"Mujer","Posgrado","Ocupado/a en ciencias sociales, físicas o de la vida",4,4,3,4,3,3,4,2,5,4,3,4,4,4,2,2,4,2,5,5,1,3,4,1,2,3,2024-04-19 14:10:33.666,76
"77","ordenadores","maquina","calculo","transhumano","rapidez",4,5,1,4,3,3,1,4,5,5,3,3,4,3,4,1,4,2,1,57,"Varón","Universitario o terciario","Ocupado/a en servicios de salud",2,3,1,1,2,2,1,5,3,3,2,3,1,1,4,1,3,3,3,3,3,5,1,3,2,3,2024-04-19 14:11:31.128,77
"78","Automatización","Promt","Agilidad","Innovación","Eficiencia",5,1,1,1,5,2,4,1,2,5,5,5,5,5,5,5,5,5,6,41,"Mujer","Posgrado","Ocupado/a en ciencias sociales, físicas o de la vida",4,4,3,3,3,4,1,5,3,4,5,4,1,1,2,3,1,4,5,3,1,4,1,2,2,1,2024-04-19 14:39:13.493,78
"79","Chatbot","Modelo","Espejo","Educación","Velocidad",3,2,3,3,4,3,3,2,3,4,3,5,5,4,5,4,5,7,7,30,"Varón","Universitario o terciario","Entre trabajos o buscando empleo",3,4,2,4,3,3,1,5,4,2,3,5,1,1,3,1,2,4,3,2,1,5,2,2,1,3,2024-04-19 14:39:31.11,79
"80","Aprendizaje automático","Imágenes creadas","Bots","Automatización","Robot",3,4,1,1,5,4,5,2,5,5,4,5,5,5,5,3,5,7,9,23,"Varón","Universitario o terciario","Ocupado/a en ciencias sociales, físicas o de la vida",4,4,2,4,4,1,2,2,3,2,4,2,2,5,2,4,5,4,4,1,1,2,1,4,2,5,2024-04-19 14:54:55.871,80
"81","Internet","Robótico","Auonomía","Algoritmos","Retroalimentación",1,1,1,1,4,1,1,1,1,3,1,3,3,4,1,3,3,7,8,28,"Mujer","Universitario o terciario","Ocupado/a en matemáticas o computación",4,4,2,3,1,3,3,4,3,1,3,2,3,2,3,5,5,3,5,4,5,5,2,2,1,3,2024-04-19 15:02:03.646999,81
"82","Futuro","Eficiencia","Digitalización","Inseguridad","Aislación",2,1,2,1,5,5,5,1,3,4,5,5,5,5,5,5,5,7,9,34,"Varón","Posgrado","Ocupado/a en ciencias sociales, físicas o de la vida",4,4,2,3,3,4,3,5,5,3,4,2,1,1,4,2,4,5,5,3,1,3,4,1,4,1,2024-04-19 15:12:51.646,82
"83","Avance","Facilidad","Posibilidad","Regulación","Progreso",3,1,1,4,5,4,1,1,3,5,3,5,5,5,5,2,5,7,7,24,"Varón","Universitario o terciario","Estudiante",4,4,2,3,2,1,3,5,4,3,4,2,1,1,4,1,4,3,5,3,2,4,1,2,2,1,2024-04-19 15:15:18.178,83
"84","Novedad","Internet","Robot","Global","Raro",1,4,1,3,3,3,3,2,2,4,2,2,3,4,4,3,5,5,8,22,"Mujer","Universitario o terciario","Ocupado/a en bibliotecas, educación o capacitación",4,4,4,2,1,1,1,5,4,5,5,2,1,2,1,1,2,3,5,4,1,5,1,5,1,1,2024-04-19 15:54:48.105999,84
"85","Tecnología","Desarrollo","Posibilidades","Soluciones","Oportunidad",3,3,1,2,5,2,5,1,5,5,3,4,5,4,4,3,4,4,4,33,"Varón","Universitario o terciario","Ocupado/a en administración o gestión",4,4,3,3,2,2,3,5,1,3,4,1,1,3,2,1,4,4,3,3,2,2,1,5,2,2,2024-04-19 16:09:36.647,85
"86","Tecnología","Software","Big data","Ilustraciones","Predicción",4,4,2,3,4,4,2,2,4,5,3,4,5,5,5,4,4,6,8,28,"Varón","Posgrado","Ocupado/a en ciencias sociales, físicas o de la vida",4,4,2,2,3,1,3,4,3,2,4,3,1,3,4,1,2,3,3,2,1,4,1,4,4,2,2024-04-19 16:24:40.885,86
"87","Tecnologia","Poder","Personas","Informacion","Riesgos",1,5,4,4,4,5,1,3,5,4,3,3,4,5,3,3,2,2,1,44,"Mujer","Universitario o terciario","Ocupado/a en operaciones comerciales o financieras",4,4,4,1,3,3,1,3,4,4,3,3,1,1,1,1,3,3,4,2,1,3,1,1,1,1,2024-04-19 16:48:17.495,87
"88","tecnología","computadora","robot","análisis de datos","futuro",4,5,5,1,2,3,1,1,4,5,3,5,5,5,3,4,5,7,7,55,"Mujer","Posgrado","Ocupado/a en administración o gestión",1,3,2,3,3,4,3,4,4,1,3,1,3,2,1,4,4,2,5,1,1,3,2,1,1,1,2024-04-19 17:12:05.675,88
"89","computadora","mente","automático","rapidez","datos",2,4,2,2,3,3,2,3,2,4,3,4,4,5,5,3,4,7,8,37,"Varón","Posgrado","Ocupado/a en ciencias sociales, físicas o de la vida",4,4,2,3,3,1,2,4,3,2,3,2,2,1,3,2,3,3,4,4,2,5,1,2,2,2,2024-04-19 18:03:51.009,89
"90","Probabilidad","Prediccion","Actualidad","Maquina","Asistente",3,1,1,1,4,2,4,1,2,5,3,5,5,5,5,4,5,9,8,23,"Varón","Universitario o terciario","Estudiante",4,4,2,4,3,2,3,4,4,2,4,1,3,4,2,2,3,2,4,2,2,2,1,2,3,2,2024-04-19 18:05:09.146,90
"91","DESUMANIZACION","MIEDO","DESEMPLEO","AUTIMATIZACION","FALTA DE RAZONAMIENTO",1,5,5,5,1,5,1,5,3,2,1,1,1,1,5,1,1,1,1,55,"Mujer","Universitario o terciario","Estudiante",4,3,4,1,1,1,1,5,3,3,3,5,3,3,3,5,3,4,3,3,5,5,3,3,3,3,2024-04-19 19:06:48.865,91
"92","Robots","Chatbots","Programación","Prompts","Research",1,2,3,1,3,2,1,2,3,3,1,3,4,3,3,3,2,7,6,52,"Mujer","Universitario o terciario","Entre trabajos o buscando empleo",4,4,2,3,2,1,2,5,5,3,4,1,1,1,3,3,3,4,5,3,2,4,1,1,3,2,2024-04-19 20:42:05.841,92
"93","Artificial","Manipulacion","Miedo","Increible","Inentendible",1,4,4,4,2,3,2,3,4,3,3,4,3,3,4,3,3,8,8,56,"Mujer","Universitario o terciario","Ocupado/a en ciencias sociales, físicas o de la vida",4,4,4,2,2,1,5,5,4,4,4,1,1,1,2,2,5,5,5,3,2,2,1,1,1,1,2024-04-19 22:41:31.811,93
"94","chatgpt","robot","escribir","programar","rapidez",1,4,3,4,3,4,2,3,3,3,1,3,5,3,4,1,3,5,5,39,"Varón","Posgrado","Ocupado/a en ciencias sociales, físicas o de la vida",3,3,2,2,2,1,1,4,3,2,3,2,1,3,2,2,3,3,3,2,2,4,1,3,2,3,2024-04-19 22:54:06.786,94
"95","computadora","ficcion","dominacion","reemplazo","peligro",2,5,5,5,1,5,1,5,1,2,1,2,1,3,5,1,1,5,6,22,"Mujer","Universitario o terciario","Estudiante",4,4,2,1,1,1,4,5,4,1,2,4,1,5,1,1,3,5,5,1,1,4,1,1,1,5,2024-04-19 23:04:05.174,95
"96","Automatización","Peligro","Masividad","Terminator","Ayuda",3,4,4,4,4,4,2,4,2,4,1,2,4,4,3,2,5,5,6,62,"Varón","Posgrado","Ocupado/a en ciencias sociales, físicas o de la vida",4,4,2,2,3,3,3,4,5,4,4,3,1,4,1,4,3,4,5,5,4,4,1,2,2,1,2024-04-19 23:16:59.248,96
"97","Actualidad","Poderoso","Aplicabilidad","Solución","Problema",2,1,2,1,3,3,2,1,4,5,2,4,4,4,4,4,5,4,4,27,"Mujer","Posgrado","Ocupado/a en ciencias sociales, físicas o de la vida",4,4,2,3,4,2,2,5,2,3,2,2,1,4,2,2,4,4,4,1,2,5,1,2,2,2,2024-04-19 23:26:00.232,97
"98","Trabajo","Tecnología","Lenguaje","Herramienta","Útil",2,2,2,1,5,2,1,2,1,4,2,4,3,5,5,2,5,4,7,20,"Mujer","Universitario o terciario","Estudiante",4,4,2,3,1,1,1,5,2,4,4,5,1,4,2,1,1,5,3,1,1,5,1,4,2,2,2024-04-19 23:58:12.126,98
"99","Oportunidad","Responsabilidad","Estudiantes","Rol docente","Barrera",3,1,1,1,4,5,1,3,3,5,1,5,1,5,5,2,5,6,8,45,"Mujer","Posgrado","Ocupado/a en bibliotecas, educación o capacitación",2,4,2,2,2,4,4,5,5,1,4,1,1,4,5,1,5,5,5,1,1,4,1,1,1,1,2024-04-20 08:10:57.49,99
"100","Practicidad","Ahorro de tiempo","Sistematización","Automatizacion","Limites",5,3,1,1,5,1,5,1,3,5,3,4,5,5,5,3,5,6,6,49,"Varón","Universitario o terciario","Ocupado/a en administración o gestión",4,4,4,4,4,1,4,4,4,3,4,2,4,2,3,2,3,4,4,2,2,3,3,1,3,2,2024-04-20 11:27:07.613,100
"101","Tecnología","Datos","Internet","Control","Robotica",2,4,4,4,3,4,2,3,5,4,3,5,4,3,4,3,4,4,7,27,"Varón","Universitario o terciario","Entre trabajos o buscando empleo",4,4,1,3,2,2,2,5,3,4,4,2,2,4,2,1,4,4,4,5,2,4,2,5,2,2,2024-04-20 12:40:48.671,101
"102","Futuro","Ciencia-ficción","Tecnología","Avances","Robot",2,3,4,5,1,5,2,5,4,5,3,4,5,4,4,3,2,2,1,33,"Mujer","Universitario o terciario","Ocupado/a en servicios de salud",4,4,4,1,2,1,3,5,3,3,4,1,3,1,3,2,2,5,5,4,1,3,3,1,2,1,2024-04-20 13:24:47.534,102
"103","Modernidad","Computadora","Máquinas","No humano","Desempleo",3,4,2,3,4,3,3,2,3,4,3,3,4,4,4,2,4,3,3,37,"Varón","Posgrado","Ocupado/a en legales",4,4,4,3,3,2,4,4,2,1,4,4,1,2,3,4,4,4,5,1,2,4,1,1,5,2,2024-04-20 13:45:55.857,103
"104","Información","Ayuda","Contenido","Aliado","Generar",2,1,2,1,4,1,3,1,1,5,4,4,5,5,5,5,5,4,4,48,"Mujer","Posgrado","Ocupado/a en bibliotecas, educación o capacitación",4,4,2,2,2,2,3,5,5,1,5,1,1,1,1,1,5,5,5,1,1,4,1,3,3,1,2024-04-20 14:05:49.991,104
"105","Automatizacion","Resolucion","Maquina","Rapidez","Comodidad",4,1,1,1,4,2,4,1,1,4,3,4,5,5,4,5,5,8,7,39,"Mujer","Universitario o terciario","Ocupado/a en operaciones comerciales o financieras",1,2,3,2,2,1,1,5,4,1,3,4,5,3,2,2,4,5,5,1,2,5,1,1,4,3,2024-04-20 14:06:37.107,105
"106","Robot","Futuro","Cambios","Invensión","Dinero",1,3,1,5,5,5,5,5,5,5,1,5,5,5,5,3,5,2,2,46,"Varón","Posgrado","Ocupado/a en ciencias sociales, físicas o de la vida",4,4,3,1,1,1,5,3,5,3,5,1,2,1,1,1,4,3,5,1,1,1,1,1,1,1,2024-04-20 14:26:13.973,106
"107","CHATGPT","Datos personales","OPEN AI","Imágenes","Programación",2,3,2,4,3,4,2,1,3,4,4,4,4,4,4,3,4,8,8,25,"Mujer","Posgrado","Ocupado/a en ciencias sociales, físicas o de la vida",4,4,3,4,3,2,3,4,3,4,5,4,3,4,2,4,3,2,3,4,1,3,1,4,3,1,2024-04-20 16:02:12.971,107
"108","Trabajo","Tiempo","Peligro","Descubrimiento","Solución",2,5,5,3,3,4,2,1,2,4,1,4,2,5,4,3,5,6,7,24,"Mujer","Universitario o terciario","Ocupado/a en bibliotecas, educación o capacitación",4,3,2,2,2,1,1,4,4,3,2,2,1,3,2,1,1,3,5,4,1,4,1,2,3,4,2024-04-20 19:23:45.356,108
"109","Facil","Avance","Futuro","Desempleo","Libertad",4,1,4,3,2,4,1,4,4,2,3,1,2,1,1,2,2,9,7,65,"Varón","Posgrado","Ocupado/a en administración o gestión",4,4,2,2,2,3,3,5,5,2,5,1,1,1,5,1,5,5,4,1,1,1,1,1,4,1,2024-04-20 22:06:27.108,109
"110","Tecnología","Curiosidad","Herramienta","Información","Interacción",3,1,1,2,3,2,2,1,3,4,4,5,4,4,4,4,3,5,7,35,"Varón","Universitario o terciario","Ocupado/a en administración o gestión",4,4,3,2,2,2,3,5,3,2,3,2,1,2,3,1,2,4,4,2,1,4,1,4,3,2,2024-04-21 09:13:25.668,110
"111","Estadística","Computación","Robot","Automatización","Humano",4,3,3,2,4,2,3,1,3,5,2,4,5,2,4,3,5,8,7,37,"Mujer","Posgrado","Ocupado/a en matemáticas o computación",4,4,3,2,2,3,3,4,4,2,3,4,2,2,4,2,2,4,4,3,2,4,1,3,4,2,2024-04-21 13:29:53.536,111
"112","Cambio","Temor","Maravilloso","Ayuda","Facilidad",5,4,2,2,4,3,3,1,2,4,4,4,4,5,5,4,4,5,7,58,"Mujer","Universitario o terciario","No trabaja o jubilado/a",4,4,4,1,3,1,2,4,5,3,4,3,1,1,1,2,3,4,5,3,3,5,2,2,3,2,2024-04-21 17:14:14.739,112
"113","Novedad","Progreso","Skynet","Herramienta","Desafío",4,4,1,1,5,4,3,1,3,5,5,5,4,4,5,3,5,8,8,26,"Varón","Universitario o terciario","Ocupado/a en bibliotecas, educación o capacitación",4,4,4,4,4,2,2,4,3,1,4,3,4,2,3,1,2,4,5,3,1,3,1,1,2,1,2024-04-21 22:09:40.05,113
"114","Tecnologia","Deshumanizacion","Informacion","Almacenamiento de datos","Rapidez",3,3,3,3,5,1,3,1,3,5,3,5,5,5,3,5,3,8,8,56,"Mujer","Posgrado","Ocupado/a en legales",3,4,4,3,2,2,3,4,4,3,2,2,1,1,2,3,2,4,5,2,3,5,1,1,3,4,2024-04-21 22:23:17.033,114
"115","Solucion","Rapida","Información","Riesgo","Resumen",5,5,2,4,3,4,2,1,3,4,3,5,3,4,5,4,5,4,7,37,"Mujer","Universitario o terciario","Ocupado/a en ventas y actividades comerciales",4,4,3,2,1,1,2,5,4,2,5,3,1,1,2,1,3,5,5,4,1,3,1,1,1,1,2024-04-21 22:27:18.422,115
"116","Rapidez","Computacion","Duda","Facil","Futuro",5,3,1,1,2,3,1,1,3,4,1,3,4,4,5,3,4,6,4,58,"Mujer","Universitario o terciario","Ocupado/a en administración o gestión",4,4,2,1,2,3,3,4,4,2,5,1,2,2,3,1,5,5,4,2,1,3,2,3,3,1,2024-04-21 22:27:43.006,116
"117","Facilidad","Extremo","Vagos","Increible","Comodidad",3,4,4,3,4,3,2,3,3,5,1,3,2,3,4,3,2,4,7,24,"Mujer","Universitario o terciario","Entre trabajos o buscando empleo",4,4,2,2,1,4,3,5,2,5,3,1,1,1,2,3,5,3,5,3,3,3,2,3,2,3,2024-04-21 22:32:30.046,117
"118","Tecnología","Automatización","Eficiencia","Cuidado","Reflexión",4,1,1,2,5,2,3,1,2,5,2,5,5,5,4,4,5,5,4,24,"Varón","Universitario o terciario","Ocupado/a en matemáticas o computación",4,4,3,3,2,1,2,5,4,4,4,5,1,1,1,1,1,5,4,1,1,4,1,2,1,1,2024-04-21 22:33:35.985,118
"119","Internet","Avance","Robots","Profesional","Tecnología",4,1,1,1,3,1,2,1,1,5,4,5,5,5,5,5,5,3,3,25,"Mujer","Universitario o terciario","Ocupado/a en el cuidado de otras personas",4,4,4,2,3,1,2,5,4,5,3,1,1,1,3,1,5,3,5,4,3,5,1,1,4,3,2024-04-21 22:54:27.655,119
"120","Tecnologia","Avance","Robot","Precision","Algoritmo",4,2,1,2,4,2,4,1,2,4,4,4,4,4,4,4,4,7,7,47,"Mujer","Posgrado","Ocupado/a en legales",3,3,3,2,3,3,4,4,4,2,4,4,2,2,3,3,4,3,3,2,3,2,2,2,3,1,2024-04-21 23:05:48.731,120
"121","Chat GPT","Imágenes","Robótica","Avance","Ciencia",3,3,2,2,1,3,2,1,1,4,2,4,3,5,4,4,5,7,8,24,"Mujer","Universitario o terciario","Ocupado/a en ciencias sociales, físicas o de la vida",4,4,3,3,2,1,4,5,4,3,3,2,1,3,1,3,4,3,4,4,1,2,1,2,2,3,2024-04-21 23:09:20.381,121
"122","Robot","Ficticio","Herramienta","Sustitución","Peligro",2,4,2,4,5,5,4,2,1,5,2,4,3,3,5,2,2,3,3,24,"Mujer","Universitario o terciario","Ocupado/a en servicios de salud",4,4,3,1,3,1,3,5,3,5,5,1,1,2,1,1,4,4,4,2,1,3,1,4,3,1,2024-04-22 00:16:10.549,122
"123","Robot","Informatica","Digital","Videos","Edicion",3,3,1,2,5,3,4,1,4,5,1,4,4,5,5,3,5,4,2,48,"Varón","Universitario o terciario","Ocupado/a en ventas y actividades comerciales",4,3,3,1,2,2,3,4,5,2,4,1,1,1,4,3,2,3,5,2,2,4,5,5,4,1,2024-04-22 06:51:37.018,123
"124","Robot","Ayuda","Facilidad",".",".",2,2,3,2,2,3,2,2,3,4,3,3,3,4,4,4,3,4,2,41,"Mujer","Universitario o terciario","Ocupado/a en administración o gestión",4,4,3,1,3,3,4,4,5,3,4,2,1,1,2,3,4,4,5,4,1,4,1,1,3,1,2024-04-22 07:05:57.008,124
"125","Tecnología","Avance","Inteligencia","Beneficios","Agilizar",5,4,1,1,3,2,3,1,2,5,4,5,5,5,5,4,4,5,5,30,"Mujer","Universitario o terciario","Ocupado/a en bibliotecas, educación o capacitación",4,4,4,1,2,1,2,5,3,2,3,3,1,3,4,1,3,4,4,2,1,4,1,4,4,2,2024-04-22 07:23:01.206,125
"126","Aprender","Proceso","Autonomía","Robots","Automatización",3,3,2,2,3,3,3,1,3,4,2,3,3,4,4,2,3,5,4,29,"Mujer","Universitario o terciario","Ocupado/a en bibliotecas, educación o capacitación",4,4,2,2,3,1,3,5,4,3,5,2,1,2,2,1,3,3,5,3,1,2,1,2,2,1,2024-04-22 07:29:52.328,126
"127","Algoritmos","Sesgos","Rapidez","Datos","Promesa",1,2,4,4,4,3,3,2,4,3,2,2,4,5,3,1,3,9,8,35,"Mujer","Posgrado","Entre trabajos o buscando empleo",4,3,2,3,2,2,5,5,3,4,5,2,2,2,3,2,5,5,4,3,1,1,1,2,3,2,2024-04-22 08:45:45.953001,127
"128","Innovacion","Rapidez","Agil","Aprendizaje","Digital",2,3,4,2,4,4,4,1,3,5,3,3,5,5,4,4,4,2,2,55,"Mujer","Posgrado","Ocupado/a en bibliotecas, educación o capacitación",3,4,3,2,2,1,1,3,2,3,3,4,3,3,2,3,1,2,3,2,3,5,2,3,3,3,2024-04-22 09:01:42.937,128
"129","Automatización","Internet","Network","Conexión","Información",2,3,1,1,3,3,2,1,3,4,2,5,5,5,5,3,4,6,6,28,"Varón","Universitario o terciario","Ocupado/a en administración o gestión",2,3,3,3,2,1,1,4,3,1,3,3,2,2,5,1,3,4,5,1,1,5,1,3,2,1,2024-04-22 09:35:41.210999,129
"130","Información","Peligro","Posibilidad","Ética","Robot",1,3,3,2,4,4,4,4,3,5,2,4,4,5,5,3,4,7,7,24,"Varón","Universitario o terciario","Entre trabajos o buscando empleo",4,4,3,2,2,2,2,4,1,1,2,4,2,3,4,3,2,3,1,1,3,4,2,4,2,2,2024-04-22 10:23:01.884,130
"131","Automatización","Sistematización","Reservorio","Rapidez","Combinación",2,2,1,1,5,2,3,1,3,5,2,4,4,5,4,3,1,8,9,45,"Varón","Posgrado","Ocupado/a en servicios de salud",4,4,3,3,2,2,3,4,3,3,3,2,1,1,2,1,3,1,3,3,1,4,1,4,3,3,2024-04-22 11:04:05.627,131
"132","Futuro","Chat GPT","Robot","Desempleo","Deshumanizacion",3,5,3,3,4,4,2,5,3,4,2,3,2,4,5,2,4,2,2,29,"Mujer","Universitario o terciario","Ocupado/a en comunicación, arte, deportes, o entretenimiento",4,3,2,2,1,1,2,4,3,2,3,1,1,3,1,1,2,4,4,2,3,3,1,4,2,3,2024-04-22 11:22:06.889,132
"133","Avance","Tecnologia","Inhumano","Desprolijo","Sesgado",1,4,4,4,1,5,1,5,4,2,1,1,2,1,1,2,2,6,5,33,"Mujer","Universitario o terciario","Ocupado/a en ciencias sociales, físicas o de la vida",4,4,2,4,2,2,2,5,4,4,3,4,1,2,3,4,3,3,4,2,2,4,2,2,2,3,2024-04-22 12:45:23.707,133
"134","futuro","riesgo","cuidado","oportunidad","evolución",2,3,4,4,4,3,4,2,2,5,3,5,4,5,5,3,5,8,7,42,"Varón","Universitario o terciario","Ocupado/a en operaciones comerciales o financieras",4,4,3,3,3,2,2,3,4,3,4,4,3,2,3,2,3,3,4,4,2,4,2,3,4,2,2024-04-22 13:31:44.738,134
"135","Futuro","Avance","Retroceso","Precarización laboral","Inmediatez",5,3,2,3,4,3,3,3,3,3,4,3,4,4,3,3,1,5,5,47,"Mujer","Posgrado","Ocupado/a en servicios de salud",4,4,3,2,2,1,4,4,4,2,5,1,1,4,4,1,5,4,5,3,1,3,1,2,3,1,2024-04-22 13:56:45.966,135
"136","tecnología","velocidad","soluciones","robótica","miedo",4,4,3,3,5,5,2,3,5,5,3,4,4,5,5,5,5,2,3,40,"Mujer","Posgrado","Ocupado/a en administración o gestión",4,4,4,2,4,2,3,5,5,1,4,1,1,3,4,3,5,5,5,3,4,3,1,3,3,1,2024-04-22 14:00:18.974,136
"137","innovación","Creatividad","productividad","sesgos","desarrollo",3,2,2,2,5,4,3,1,4,5,3,4,5,5,4,4,4,7,8,34,"Mujer","Universitario o terciario","Entre trabajos o buscando empleo",4,4,3,3,3,2,2,4,3,4,4,4,2,3,2,2,2,4,4,4,2,5,2,3,2,2,2024-04-22 14:16:33.803,137
"138","Facilísimo","Miedo","Complemento","Herramienta","Rapidez",1,5,5,2,2,5,3,4,3,2,1,1,3,4,5,2,2,4,6,30,"Mujer","Universitario o terciario","Ocupado/a en bibliotecas, educación o capacitación",4,3,2,1,2,1,2,5,4,2,4,1,1,4,1,1,5,2,2,2,2,1,1,4,3,3,2024-04-22 14:18:43.475,138
"139","Tecnologia","Actualidad","Herramienta","Utilidad","Cuidado",2,1,1,1,3,1,1,1,2,5,2,3,3,5,4,3,4,4,4,28,"Mujer","Posgrado","Ocupado/a en servicios de salud",4,4,3,2,2,1,4,5,4,1,3,1,1,1,2,1,5,5,3,2,1,1,1,3,5,2,2024-04-22 14:29:26.936999,139
"140","Oportunidad","Desafío","Aceleración","Curiosidad","Cuidado",4,2,2,2,4,3,2,2,3,4,1,1,5,5,5,3,5,8,9,47,"Mujer","Universitario o terciario","Ocupado/a en comunicación, arte, deportes, o entretenimiento",4,4,4,3,4,3,4,5,4,1,5,1,1,4,4,1,4,5,4,1,2,2,1,4,4,2,2024-04-22 18:52:09.903,140
"141","Tecnología","Actualidad","Asistencia","Desafio","Futuro",2,4,3,1,5,2,2,1,4,4,3,4,3,4,4,3,4,6,6,54,"Varón","Posgrado","Ocupado/a en bibliotecas, educación o capacitación",2,3,3,2,2,2,3,3,4,3,3,1,1,1,2,1,2,3,5,3,1,4,1,1,3,3,2024-04-22 19:09:27.309,141
"142","Chat gpt","Remplazo","Robot","Difícil","Útil",1,2,3,4,2,3,1,4,5,3,1,2,3,4,3,3,4,5,4,20,"Mujer","Universitario o terciario","Estudiante",4,4,2,2,1,1,4,3,5,2,4,1,2,1,2,3,4,2,5,3,3,3,1,1,4,1,2024-04-22 19:21:18.827,142
"143","Robot","Datos","Computadora","Respuestas","Rapidez",1,3,4,3,1,3,1,4,4,4,1,4,2,4,5,2,1,4,3,23,"Mujer","Universitario o terciario","Estudiante",4,4,3,1,2,3,3,4,5,2,4,4,1,1,2,2,5,2,5,2,1,2,1,1,3,2,2024-04-22 19:22:23.778,143
"144","Tecnología","Conspiración","Terminator","Miedo","Deshumanización",2,5,4,4,2,5,1,5,4,3,3,4,1,4,5,1,4,6,4,26,"Varón","Universitario o terciario","Estudiante",4,4,2,3,2,1,4,5,1,3,4,1,1,4,4,1,2,4,2,2,1,2,1,4,4,2,2024-04-22 19:37:16.096,144
"145","Mente","Agilidad","Productividad","Digital","No tangible",1,2,3,3,4,4,3,2,5,4,1,2,4,5,3,3,2,8,8,29,"Varón","Posgrado","Ocupado/a en comunicación, arte, deportes, o entretenimiento",2,3,3,3,1,1,3,5,4,2,3,2,1,2,5,1,4,4,4,2,3,5,1,3,2,4,2024-04-22 19:58:33.947,145
"146","brillante","futuro","nuevo","facilidad","tiempo",3,2,3,2,4,3,3,2,3,5,4,4,3,3,4,3,4,8,8,33,"Varón","Secundario","Ocupado/a en matemáticas o computación",4,4,3,3,2,1,4,4,4,3,3,4,4,2,2,3,2,3,5,3,3,3,3,1,3,3,2024-04-23 07:44:11.167,146
"147","Facilidad","Comodidad","Adormecimiento","Obturar","Vacío",2,5,3,4,1,4,1,2,4,4,1,3,3,3,3,2,1,5,5,38,"Mujer","Universitario o terciario","Ocupado/a en operaciones comerciales o financieras",4,3,3,1,2,2,3,5,5,3,5,3,2,1,3,3,5,3,5,3,1,3,1,1,3,1,2024-04-23 07:55:59.749,147
"148","cambio","innovación","desafío","peligro","futuro",3,2,3,3,4,3,3,3,2,4,3,4,4,4,4,3,4,5,7,56,"Mujer","Universitario o terciario","Ocupado/a en ciencias sociales, físicas o de la vida",4,4,2,2,2,1,4,5,4,3,4,1,5,2,2,1,4,5,4,4,2,3,1,1,1,1,2024-04-23 08:19:32.917,148
"149","superficialidad","ficción","wikipedia","aprendizaje","manipulación",2,4,4,3,3,4,3,3,3,4,1,4,2,3,4,3,4,7,7,41,"Varón","Posgrado","Entre trabajos o buscando empleo",4,4,2,3,1,1,2,3,2,3,3,4,3,4,4,2,3,3,4,2,4,5,2,4,2,2,2024-04-23 09:02:51.313,149
"150","Velocidad","Pensamiento","Artificial","no se","no se",3,4,2,1,5,4,4,3,3,4,3,5,5,5,5,3,4,6,6,55,"Varón","Posgrado","Ocupado/a en ciencias sociales, físicas o de la vida",4,4,3,2,2,1,3,3,3,2,4,2,2,3,3,1,4,4,4,3,1,2,1,2,4,3,2024-04-23 09:36:40.862999,150
"151","Ficticio","Herramienta","Fraude","Oportunidad","Miedo",2,3,2,1,3,4,2,2,4,4,2,4,2,4,4,2,4,6,5,35,"Varón","Posgrado","Ocupado/a en bibliotecas, educación o capacitación",4,4,2,2,1,4,4,4,3,2,4,1,1,2,3,1,4,3,4,2,1,2,1,2,3,1,2024-04-23 12:22:58.754,151
"152","Innovación","Colaboración","Intriga","Desafío","curiosidad",2,1,1,1,3,1,5,1,1,4,5,5,5,5,4,4,5,5,9,49,"Varón","Posgrado","Ocupado/a en comunicación, arte, deportes, o entretenimiento",4,4,3,3,2,4,3,5,2,3,4,3,2,3,2,2,2,4,3,2,2,4,2,3,2,1,2024-04-23 13:32:40.384,152
"153","Cansancio","Inquietud","Negocio","Preocupación","Vejez",1,5,3,2,1,5,1,2,5,3,2,2,3,5,5,3,3,4,2,58,"Mujer","Posgrado","Ocupado/a en ciencias sociales, físicas o de la vida",4,4,3,1,2,2,3,5,3,1,4,2,1,1,1,1,2,5,5,2,1,3,1,1,4,1,2024-04-23 13:47:50.881,153
"154","Poder","Posibilidad","Riesgo","Peligro","Tecnologia",1,4,4,5,5,5,5,4,5,3,3,4,5,4,5,2,4,4,6,33,"Varón","Universitario o terciario","Entre trabajos o buscando empleo",2,4,2,3,2,2,2,4,3,2,4,5,2,2,2,1,2,2,5,3,2,4,2,4,2,2,2024-04-24 15:38:47.818,154
"155","Computadora","Ayuda","Desafío","Plagio","Complicado",3,4,3,3,5,3,3,1,3,4,3,4,5,5,5,4,5,7,7,54,"Mujer","Posgrado","Ocupado/a en bibliotecas, educación o capacitación",4,4,3,2,1,1,1,5,1,4,5,2,1,3,1,1,3,4,3,3,1,5,1,5,3,1,2024-04-24 22:44:24.687,155
"156","Imagen","Cuenta","Tarea","Adolescentes","Trabajo",2,1,2,3,3,2,5,1,1,3,4,2,5,5,5,3,4,4,8,44,"Mujer","Universitario o terciario","Ocupado/a en bibliotecas, educación o capacitación",4,4,4,4,4,1,3,4,4,3,5,4,1,2,1,1,5,4,5,5,1,5,1,3,2,1,2024-04-24 22:50:50.779,156
"157","Apertura","Crecimiento","Innovación","Cambio","Futuro",5,1,1,1,4,1,4,1,4,5,1,5,4,5,5,4,4,7,7,51,"Mujer","Posgrado","Ocupado/a en bibliotecas, educación o capacitación",4,4,2,4,3,3,3,4,4,4,5,1,1,2,1,1,5,4,4,2,2,2,1,3,4,1,2024-04-24 22:54:55.584,157
"158","Copia","Automático","Simulación","Irreal","Opción",1,2,5,3,1,3,1,5,5,3,1,1,3,3,4,3,1,2,2,48,"Mujer","Universitario o terciario","Ocupado/a en bibliotecas, educación o capacitación",4,4,3,1,2,2,4,5,5,5,5,1,3,1,1,2,1,3,5,4,4,4,1,1,5,1,2024-04-24 23:02:39.098,158
"159","Progreso","Simplicidad","Avance","Fin de los tiempos","Revolución",2,5,5,3,5,5,3,3,5,5,1,5,5,5,5,5,5,4,10,41,"Mujer","Universitario o terciario","Ocupado/a en bibliotecas, educación o capacitación",4,4,4,3,1,4,1,5,5,4,3,3,1,1,1,1,3,5,5,5,2,1,1,1,3,1,2024-04-25 07:16:04.785,159
"160","tecnologia","simplicidad","rapidez","precaucion","datos",1,4,2,3,4,5,2,1,2,4,1,2,2,5,5,4,3,3,3,23,"Mujer","Universitario o terciario","Ocupado/a en ciencias sociales, físicas o de la vida",4,4,2,4,1,1,3,5,4,1,3,4,1,1,2,2,4,4,5,2,1,5,2,1,4,2,2024-04-25 15:23:03.336,160
"161","Rapidez","Procesamiento","Amplitud","Tecnología","Ingenio",3,2,2,2,2,2,2,2,4,2,2,4,5,5,2,2,4,4,4,30,"Mujer","Universitario o terciario","Estudiante",3,4,3,3,1,1,1,4,4,2,5,2,2,2,1,1,2,3,5,1,2,5,2,3,1,1,2024-04-26 09:03:17.629,161
"162","Maquina","Robot","Cerebro","Digital","Imitación",4,2,1,1,3,3,2,4,1,2,5,5,5,5,3,3,1,4,4,27,"Varón","Universitario o terciario","Estudiante",4,4,1,2,1,1,1,2,1,1,2,5,5,2,3,3,1,1,5,2,5,5,3,3,1,4,2024-04-26 20:25:50.96,162
"163","Futuro","Llegó","Crisis","Oportunidad","Incognita",4,3,3,3,4,3,3,3,3,4,2,4,4,4,4,4,4,7,7,64,"Varón","Universitario o terciario","Ocupado/a en administración o gestión",4,4,4,3,4,4,3,4,4,2,4,2,2,2,2,1,2,2,4,2,2,4,2,2,4,2,2024-04-27 13:20:38.613,163
"164","Catastrofe","velocidad","reemplazo","futuro","Maquina",1,5,4,3,5,5,4,4,3,3,1,2,3,4,5,2,2,5,3,28,"Varón","Universitario o terciario","Ocupado/a en ciencias sociales, físicas o de la vida",4,4,2,2,2,1,1,4,1,2,3,5,2,1,2,1,1,3,3,3,1,4,2,5,2,2,2024-04-27 17:46:31.947999,164
"165","Rapidez","Riesgo","Comodidad","Pasividad","Avances",2,4,4,4,3,5,2,2,4,3,1,4,4,4,5,3,2,5,3,37,"Mujer","Universitario o terciario","Ocupado/a en bibliotecas, educación o capacitación",4,4,2,2,2,1,3,5,3,3,4,1,1,3,4,3,4,5,3,2,2,4,1,4,2,2,2024-04-28 16:57:51.786,165
"166","Avances","Tecnología","Desarrollo","Riesgos","Futuro",1,2,3,2,3,4,2,2,1,3,3,3,3,4,4,2,3,3,1,42,"Mujer","Posgrado","Ocupado/a en servicios de salud",4,2,2,1,1,1,3,5,4,2,3,3,1,2,3,2,3,4,5,3,2,5,1,2,3,2,2024-04-29 06:30:28.136001,166
"167","Futuro","Progreso","Crecimiento","Resolucion","Ayuda",5,1,1,1,5,1,5,1,1,5,5,5,5,5,5,5,5,7,8,53,"Mujer","Universitario o terciario","Ocupado/a en servicios de salud",4,4,4,4,4,2,4,5,5,3,4,2,2,1,4,1,4,3,5,3,1,2,1,1,2,1,2024-04-29 08:12:00.082,167
"168","Herramienta de trabajo","Iinformativa","Imprecisa","Superficial","Recurso pedagógica",4,3,4,1,3,4,1,3,1,4,3,3,4,4,3,4,4,6,6,58,"Varón","Posgrado","Ocupado/a en servicios de salud",3,2,3,2,1,1,4,2,2,3,4,3,1,2,2,1,1,5,5,3,2,1,1,3,2,3,2024-04-29 08:44:46.186,168
"169","Computadora","Pensar","Resolución de problemas","Recurso","Idealización",1,3,2,2,3,2,3,2,3,4,3,3,3,4,4,3,3,2,2,40,"Mujer","Universitario o terciario","Ocupado/a en ciencias sociales, físicas o de la vida",4,3,1,2,3,1,3,4,2,1,2,1,2,3,2,4,4,5,3,4,2,4,2,5,4,4,2024-04-29 08:56:37.441999,169
"170","Programa","Información","Informatica","Resolución","Problema",3,1,1,1,5,1,3,1,1,3,2,3,2,4,4,2,2,5,4,58,"Varón","Posgrado","Ocupado/a en servicios de salud",3,3,2,3,1,2,1,4,4,1,2,2,2,1,1,2,3,2,2,1,1,2,1,3,4,1,2024-04-29 09:11:52.848,170
"171","Rapido,","Practico","Fluido","Permeable","Capaz",2,2,2,2,3,4,4,1,2,4,3,4,4,3,4,4,4,6,6,26,"Mujer","Universitario o terciario","Ocupado/a en servicios de salud",4,4,3,3,2,1,3,5,3,4,2,2,2,1,2,2,3,4,5,2,2,2,1,1,1,2,2024-04-29 09:13:17.309,171
"172","Miedo","Humano","Robot","Mecánico","Tecnología",5,1,1,1,5,1,3,1,3,5,3,5,5,5,3,2,2,5,5,39,"Varón","Universitario o terciario","Ocupado/a en ventas y actividades comerciales",4,4,2,2,4,1,3,3,3,2,3,3,2,1,2,1,2,3,1,3,1,2,1,1,3,3,2024-04-29 09:25:54.488,172
"173","Esclavitud","Dependencia","Dominio","Obligacion","Herramienta",2,4,4,5,4,4,4,4,5,3,2,2,4,3,4,2,1,8,4,41,"Varón","Posgrado","Ocupado/a en bibliotecas, educación o capacitación",1,3,3,1,1,1,1,3,2,4,4,2,2,4,1,1,1,1,1,1,1,5,2,5,1,1,2024-04-29 10:50:09.374,173
"174","Ayuda","Desconfianza","Criterios","Revisión","Evolución",3,4,1,1,4,1,5,1,3,5,3,3,5,5,5,5,5,7,7,61,"Mujer","Posgrado","Ocupado/a en servicios de salud",4,3,2,3,2,1,4,5,5,3,5,1,1,3,2,1,4,4,5,2,1,3,1,3,2,1,2024-04-29 11:12:02.302,174
"175","Trampa","Plagio","Ayuda","Herramienta","Diversión",1,3,2,4,4,4,3,2,5,4,2,4,2,4,4,3,4,5,4,32,"Mujer","Posgrado","Ocupado/a en servicios de salud",4,4,2,2,2,2,3,4,5,1,4,2,1,1,3,1,3,4,5,1,1,3,1,1,3,4,2024-04-29 11:18:32.197,175
"176","Computadora","Estadística","Programación","Error","Cuidado",5,2,5,1,4,3,4,1,3,5,2,5,4,5,5,5,4,2,3,47,"Mujer","Posgrado","Ocupado/a en servicios de salud",4,4,4,2,2,3,1,5,5,5,5,2,1,1,2,1,1,5,5,2,1,5,1,1,2,1,2024-04-29 11:36:06.208,176
"177","computadora","futuro","incertidumbre","ciencia ficción","desafío",1,3,4,5,1,4,1,1,5,5,1,3,4,5,5,2,3,1,1,59,"Mujer","Posgrado","Ocupado/a en ciencias sociales, físicas o de la vida",4,3,2,1,2,1,1,5,4,1,5,1,1,4,1,1,5,5,4,1,1,5,1,4,3,1,2024-04-29 13:17:35.214,177
"178","Rapidez","Reemplazo","Tecnología","Avsnces","Cambio",4,2,1,3,2,2,3,1,1,4,1,3,4,5,4,3,2,4,4,51,"Mujer","Posgrado","Ocupado/a en servicios de salud",3,4,2,2,2,1,1,4,5,2,4,1,1,1,3,2,4,4,4,2,4,4,1,1,4,2,2024-04-29 13:39:56.254,178
"179","Regulaciones","Robots","Riesgos","Desempleo","Complejo",2,5,4,2,5,4,5,5,5,3,3,4,3,3,5,1,3,5,5,34,"Mujer","Posgrado","Ocupado/a en ciencias sociales, físicas o de la vida",4,4,2,4,2,1,1,5,3,2,5,5,1,3,2,1,1,5,5,1,1,4,1,3,1,1,2024-05-03 17:25:19.456,179
"180","Copia","Irreal","Es como un sueño interpretado","Miedo","Tonos oscuros",1,5,5,4,1,5,1,5,5,3,1,2,2,3,4,1,1,7,7,33,"Mujer","Universitario o terciario",NA,3,2,1,1,2,1,3,5,4,5,4,3,1,5,3,3,3,2,5,3,3,5,1,2,1,5,2024-05-04 09:27:56.708,180
"181","Ubicuidad","Conciencia","Derechos","Libertad","Preocupacion",1,5,4,4,4,5,2,4,5,2,1,4,4,4,4,2,2,2,1,76,"Varón","Posgrado","Ocupado/a en servicios de salud",4,4,2,1,2,1,3,4,4,2,4,3,1,2,3,1,4,5,4,4,1,2,1,2,2,1,2024-05-04 11:14:45.932,181
"182","robots","chat gtp","datos","rapidez","volumen",2,5,3,3,2,5,1,4,4,4,1,1,3,4,5,2,3,4,6,33,"Mujer","Universitario o terciario","Ocupado/a en administración o gestión",4,4,2,2,1,1,3,4,3,3,4,1,2,4,2,3,4,1,5,4,4,3,2,2,3,2,2024-05-04 17:35:16.000999,182
"183","asistencia","posible","difícil","inquietante","futuro",2,3,2,2,5,4,3,1,3,5,3,4,5,5,5,4,4,3,2,59,"Mujer","Posgrado","Ocupado/a en bibliotecas, educación o capacitación",4,3,3,1,2,1,3,5,4,2,4,4,1,3,4,2,3,5,4,1,1,3,1,3,2,1,2024-05-05 13:14:11.341,183
"184","Computadora","Redes sociales","Algoritmo","Robot","Técnica",1,4,3,3,4,5,2,4,5,4,1,4,3,4,5,3,4,2,2,28,"Mujer","Universitario o terciario","Ocupado/a en administración o gestión",4,4,4,2,2,1,3,5,2,5,3,2,1,2,1,1,3,5,4,5,3,4,1,3,1,4,2024-05-05 22:09:48.958,184
"185","Ayuda","Facilidad","Accesibilidad","Respuestas","Productividad",3,3,2,2,3,5,3,3,2,5,2,4,5,5,5,4,5,4,6,24,"Mujer","Universitario o terciario","Ocupado/a en bibliotecas, educación o capacitación",4,4,3,3,2,1,3,5,4,3,5,1,2,3,3,1,3,2,3,3,1,4,1,4,3,1,2024-05-07 11:32:09.95,185
"186","ROBOT","ESTUDIO","FUTURO","RESPONSABILIDAD","APLICACION",1,3,2,3,2,3,3,1,5,3,2,3,3,3,3,3,3,2,2,50,"Mujer","Posgrado","Ocupado/a en administración o gestión",1,2,1,1,1,2,4,4,4,2,3,1,1,1,4,3,5,4,2,3,3,3,1,2,4,3,2024-05-07 14:12:32.674,186
"187","ayuda","ideas","rapidez","facilidad","recurso",2,1,1,1,3,2,2,1,1,5,3,3,5,5,3,4,3,5,7,60,"Mujer","Posgrado","Ocupado/a en bibliotecas, educación o capacitación",4,4,4,3,3,3,2,4,4,2,4,2,1,2,1,1,3,4,3,2,1,3,1,3,3,1,2024-05-07 15:48:26.278,187
"188","tecnología","red","comunicación","propuesta","trayecto",2,3,2,1,3,4,4,2,2,4,3,4,4,5,4,3,3,5,2,33,"Mujer","Posgrado","Ocupado/a en bibliotecas, educación o capacitación",4,3,3,1,2,1,2,5,3,4,2,2,1,2,2,2,3,5,5,5,2,5,1,4,2,3,2024-05-08 11:47:43.283,188
"189","robot","automatización","asombro","incertidumbre","enigma",4,3,2,3,4,3,3,2,3,4,3,3,3,4,5,3,4,6,6,43,"Mujer","Universitario o terciario","Ocupado/a en administración o gestión",4,4,3,2,2,1,1,4,4,2,2,4,2,1,3,1,1,4,5,4,2,4,2,1,3,3,2024-05-08 14:03:57.991,189
"190","Evolución","desarrollo","conocimiento","asistencia","soporte",3,2,1,1,5,1,4,1,2,5,1,4,5,5,2,4,3,9,9,46,"Varón","Secundario","Ocupado/a en matemáticas o computación",4,4,3,4,4,4,3,4,2,1,4,2,2,4,3,3,2,4,2,2,3,3,2,4,4,4,2024-05-08 14:16:25.473,190
"191","Innovación","Creación","Contenido","Peligroso","Progreso",3,4,3,3,2,4,4,2,4,4,1,3,4,4,4,3,4,7,7,25,"Varón","Posgrado","Ocupado/a en ciencias sociales, físicas o de la vida",4,4,2,4,1,1,3,4,2,4,4,3,2,4,2,2,3,4,2,4,2,5,2,4,2,2,2024-05-09 20:15:54.962,191
"192","Herramienta","Complemento","Facilidad","Transhumanismo","Cibernética",5,2,2,1,5,3,2,1,3,4,3,3,5,5,3,3,5,8,8,24,"Varón","Universitario o terciario","Ocupado/a en ciencias sociales, físicas o de la vida",2,4,3,4,1,1,1,2,2,4,5,3,2,4,1,1,1,2,2,5,1,3,2,5,1,1,2024-05-09 21:51:16.109,192
"193","tecnologia","avances","innovación","agilidad","productividad",3,4,5,2,3,2,4,1,2,5,4,5,5,4,5,5,5,7,4,48,"Mujer","Universitario o terciario","Ocupado/a en administración o gestión",4,4,4,2,3,1,4,5,5,2,5,1,1,1,1,3,5,5,5,1,3,4,1,1,4,1,2024-05-10 13:55:19.237,193
"194","Robot","Búsqueda","Herramienta","Desarrollo","Cuidado",2,3,1,1,4,2,2,1,2,2,1,1,3,5,4,4,1,6,4,25,"Varón","Universitario o terciario","Ocupado/a en comunicación, arte, deportes, o entretenimiento",4,4,2,2,1,1,1,5,4,1,3,5,2,3,4,2,2,2,5,1,4,5,1,3,4,2,2024-05-10 14:10:44.384,194
"195","herramienta","utilidad","velocidad","responsabilidad","adaptación",2,3,3,1,3,4,1,3,4,2,1,3,2,4,5,2,3,6,8,35,"Varón","Universitario o terciario","Ocupado/a en administración o gestión",4,3,3,2,1,1,3,5,4,2,4,1,2,4,3,2,3,4,5,3,3,3,1,2,3,2,2024-05-10 14:24:33.308,195
"196","Futuro","Robot","Avance","Intelegencia","Datos",1,5,4,4,5,4,3,3,4,5,4,5,3,5,5,4,4,7,8,45,"Mujer","Universitario o terciario","Ocupado/a en comunicación, arte, deportes, o entretenimiento",4,4,4,4,2,2,5,5,4,4,5,1,2,3,2,2,5,4,4,2,3,3,2,3,3,1,2024-05-10 14:35:44.883,196
"197","Tecnologia","Robots","Ciencia","Futuro","Cambios",1,3,2,1,3,3,3,1,3,5,1,3,5,4,5,3,4,6,5,40,"Mujer","Universitario o terciario","Ocupado/a en bibliotecas, educación o capacitación",4,4,3,1,3,4,4,5,5,1,5,3,1,4,2,3,4,4,3,3,3,1,5,3,3,1,2024-05-11 14:24:54.624,197
"198","Dispositivo","Aplicacion","Chat gpt","Prompt","Facil",3,5,4,5,1,5,1,3,4,3,2,3,3,3,5,3,1,5,4,48,"Mujer","Posgrado","Ocupado/a en bibliotecas, educación o capacitación",4,4,2,1,2,2,1,5,4,1,4,1,1,1,3,1,4,4,5,1,1,5,1,1,4,1,2024-05-11 21:11:24.605,198
"199","gpt","generativa","saber","copiloto","respuestas",4,4,1,1,5,3,3,1,4,5,4,5,5,5,5,5,5,7,8,44,"Mujer","Universitario o terciario","Ocupado/a en matemáticas o computación",2,4,2,4,2,2,2,4,5,1,4,2,2,1,5,1,3,5,5,1,2,1,1,1,4,4,2024-05-13 11:18:50.745,199
"200","Presente","Futuro","Tecnología","Posibilidades","Avance",2,4,4,4,3,3,3,4,4,4,3,4,3,3,5,2,3,3,3,40,"Mujer","Posgrado","Ocupado/a en bibliotecas, educación o capacitación",2,4,3,2,2,1,3,4,5,4,5,4,2,1,3,3,2,4,5,3,2,4,2,1,3,1,2024-05-14 13:43:20.641,200
"201","Tecnología","Digitalidad","Aceleración","Automatización","Desarollo",3,2,3,1,3,2,3,1,1,5,1,3,3,5,5,3,5,7,7,23,"Varón","Universitario o terciario","Estudiante",4,4,3,3,2,1,3,5,5,1,3,2,1,2,4,1,2,3,5,1,1,3,1,2,3,1,2024-05-17 12:03:32.709,201
"202","DESCONFIANZA","PELIGRO","CONTROL","AVANCE TECNOLOGICO","MANIPULABLE",2,5,3,3,2,4,2,4,5,4,2,3,2,2,5,1,1,5,4,36,"Varón","Universitario o terciario","Ocupado/a en administración o gestión",1,4,2,1,2,1,3,5,3,3,4,2,1,1,2,1,2,5,3,2,2,3,1,2,3,1,2024-08-20 12:18:42.355,202
