Timestamp,Primera palabra,Segunda palabra,Tercera palabra,Cuarta palabra,Quinta palabra,"Para trámites cotidianos, prefiero interactuar con un sistema de Inteligencia Artificial, antes que con un ser humano",Me pone incómodo pensar en los usos futuros de la Inteligencia Artificial,La Inteligencia Artificial puede tener impactos positivos en el bienestar de las personas,Las personas como yo sufrirán si la Inteligencia Artificial se usa cada vez más,La Inteligencia Artificial podría tomar el control de las personas,Un sistema con Inteligencia Artificial podría ser mejor que un trabajador humano en muchas tareas rutinarias,Los sistemas de Inteligencia Artificial pueden ayudar a las personas a sentirse más felices,La Inteligencia Artificial es emocionante,Creo que la Inteligencia Artificial es peligrosa,La Inteligencia Artificial puede brindar nuevas oportunidades económicas para la sociedad,Hay muchas aplicaciones beneficiosas de la Inteligencia Artificial,Los sistemas de Inteligencia Artificial pueden desempeñarse mejor que los seres humanos,La Inteligencia Artificial me parece siniestra,Me asombra lo que la Inteligencia Artificial puede hacer,La inteligencia artificial se utiliza para espiar a las personas,Gran parte de la sociedad se beneficiará de un futuro lleno de Inteligencia Artificial,Me gustaría utilizar Inteligencia Artificial en mi propio trabajo,¿Del 1 al 10 cómo calificaría su conocimiento sobre Inteligencia Artificial?,¿Del 1 al 10 cómo calificaría su experiencia sobre Inteligencia Artificial?,"Instagram, Facebook, Twitter, TikTok y similares","Youtube, Netflix, Spotify y similares","PedidosYa, Uber, MercadoLibre y similares","Chat-GPT, Dall-E, Bard y similares",Asistentes virtuales,Robots y artefactos automatizados,Soy el alma de las fiestas,Empatizo con lo que sienten los demás,Hago mis tareas de inmediato,Tengo cambios frecuentes en mi estado de ánimo,Tengo una gran imaginación,No suelo hablar mucho,No me interesan mucho los problemas de los demás,Usualmente me olvido de volver a guardar las cosas en su lugar,Suelo estar relajado/a la mayor parte del tiempo,No me interesan las ideas abstractas,Hablo con muchas personas diferentes en las fiestas,Puedo sentir las emociones que sienten los demás,Me gusta el orden,Me enojo fácilmente,Tengo dificultad para entender ideas abstractas,No me gusta llamar la atención,No me interesan realmente los demás,Soy algo desordenado/a,Raras veces me siento triste,No tengo una buena imaginación,Edad (años),Género,Máximo nivel de estudio (completo o en curso),¿Cuál de las siguientes opciones describe mejor su principal actividad u ocupación?
11/10/2023 21:05:07,comunicacion,chatgpt,robot,terminator,mente,2,4,3,2,1,4,2,4,4,3,4,2,2,4,2,4,4,6,4,4,4,4,4,1,1,2,2,3,2,4,4,2,2,3,1,1,1,4,3,1,4,1,2,4,1,42,Trans / No-binarix,Posgrado,"Ocupado/a en ciencias sociales, físicas o de la vida"
11/17/2023 11:10:01,Tecnología,Manipulación,Futuro,Robots,Soluciones,2,2,4,4,2,4,3,5,3,4,4,2,2,4,5,2,4,7,7,4,4,2,3,3,1,2,5,4,2,4,2,1,2,2,1,4,5,5,2,1,4,1,1,2,2,35,Varón,Posgrado,"Ocupado/a en bibliotecas, educación o capacitación"
11/30/2023 9:10:57,Sistema ,Información ,Informática ,Rapidez,Futuro ,5,2,4,2,1,1,4,3,2,4,5,1,1,4,1,4,4,6,6,2,4,3,2,1,1,3,5,4,2,5,3,1,1,3,4,5,4,5,3,1,5,1,3,5,2,50,Varón,Universitario o terciario,Ocupado/a en operaciones comerciales o financieras
11/30/2023 9:30:39,Robot,Ayuda,Cerebro,Soluciones,Servicio,3,1,5,1,1,5,3,3,3,3,5,3,1,1,1,3,3,3,1,4,4,2,1,2,1,3,5,4,1,5,1,1,1,1,3,5,5,5,5,3,3,1,1,4,1,37,Mujer,Universitario o terciario,Ocupado/a en ventas y actividades comerciales
11/30/2023 9:33:08,Sistema,Rendimiento,Efectividad,Rapidez,Robotica,5,3,2,3,2,3,5,3,2,4,4,2,2,3,2,2,3,4,5,4,4,4,3,3,2,4,4,3,1,3,2,2,2,3,2,3,5,5,2,2,4,1,1,5,3,43,Mujer,Universitario o terciario,Ocupado/a en operaciones comerciales o financieras
11/30/2023 9:35:31,Tecnología ,Virtual,.,.,.,4,1,3,1,1,4,1,3,1,2,1,3,1,3,1,2,3,8,8,3,4,3,2,1,1,3,4,4,2,4,3,3,1,4,3,2,3,2,1,3,5,1,2,2,2,45,Mujer,Universitario o terciario,Ocupado/a en administración o gestión
11/30/2023 9:40:27,Redes neuronales,Supervisión ,Aprendizaje automático ,Distopía,Invierno de la IA,3,1,5,1,1,3,1,5,1,5,5,3,1,5,4,4,5,6,6,4,4,2,3,1,1,1,4,5,1,4,4,2,1,3,1,1,3,4,1,1,5,1,2,5,1,39,Varón,Posgrado,Ocupado/a en matemáticas o computación
11/30/2023 9:57:58,Computadora,robosts, asombroso,Rapidez ,Miedo,2,4,5,2,3,2,4,4,3,3,3,1,2,5,2,2,2,7,9,4,3,4,3,1,1,2,5,4,3,4,4,4,3,3,3,2,3,2,1,2,3,1,4,3,2,34,Mujer,Universitario o terciario,Ocupado/a en ventas y actividades comerciales
11/30/2023 9:58:58,Tecnología,Progreso,Actualidad,Futurismo,Desempleo,5,5,3,2,5,4,1,3,5,3,5,3,4,5,5,5,4,3,3,4,3,3,1,3,1,4,5,3,1,2,5,2,1,3,3,2,4,4,1,4,3,2,3,4,4,28,Mujer,Universitario o terciario,Ocupado/a en ventas y actividades comerciales
11/30/2023 10:34:05,Tecnología ,Miedo,Posibilidad,Ambiguo ,Robots,1,3,3,2,4,3,1,3,5,1,5,5,5,5,2,1,3,3,6,4,4,4,2,3,1,3,5,3,3,4,3,3,1,2,2,2,4,4,3,2,3,1,2,4,3,25,Mujer,Universitario o terciario,Ocupado/a en ventas y actividades comerciales
11/30/2023 11:12:44,Futuro,Tecnologia,Reemplazo,Desconocimiento,Velocidad,2,4,3,2,3,4,1,4,4,3,1,3,2,5,3,2,3,3,5,4,4,4,1,2,1,3,1,3,1,2,3,4,2,4,1,3,2,2,2,1,2,3,4,4,4,36,Varón,Universitario o terciario,Ocupado/a en administración o gestión
12/4/2023 23:34:12,Chatgpt,Openai,Lenguaje,Miedo,Código,3,4,4,2,2,4,3,4,4,4,4,3,3,4,2,3,5,6,6,3,4,1,4,1,1,3,3,3,2,3,2,3,2,2,1,5,3,5,5,2,5,2,4,2,4,34,Varón,Posgrado,Ocupado/a en matemáticas o computación
12/5/2023 18:11:22,machine,prediccion,chat gpt,redes,robot,1,3,5,3,2,5,4,5,4,5,5,4,4,5,5,5,5,9,9,4,4,3,4,3,3,4,4,4,1,4,2,3,5,4,3,3,2,4,2,4,4,1,5,5,2,34,Varón,Universitario o terciario,Ocupado/a en matemáticas o computación
12/9/2023 20:57:01,Progreso ,Oportunidadades,Automatización ,Beneficios,Mejora,2,1,5,1,2,4,3,5,2,5,5,4,2,5,4,5,5,7,4,4,4,2,1,2,2,3,4,4,2,3,3,2,2,4,3,5,3,4,2,3,3,2,3,4,3,28,Varón,Universitario o terciario,Ocupado/a en matemáticas o computación
12/9/2023 20:58:14,Robot,Metal,Sentimientos,Desierto,Bruma,2,3,3,3,4,4,3,3,4,3,2,4,4,3,2,4,3,2,2,4,4,3,2,2,2,1,3,3,3,4,3,2,1,3,2,3,4,4,2,3,4,1,3,4,2,40,Mujer,Secundario,"Ocupado/a en comunicación, arte, deportes, o entretenimiento"
12/9/2023 21:05:20,Chatgpt,Robot,Internet,Redes sociales,Innovacion,1,5,4,2,2,5,2,4,4,4,5,2,2,5,3,4,4,6,4,4,4,4,2,3,1,3,4,4,3,2,5,2,2,4,3,2,4,5,2,2,4,2,2,4,4,36,Varón,Secundario,"Ocupado/a en bibliotecas, educación o capacitación"
12/9/2023 21:05:46,Asistencia,Automatica,Computadora,Rapida,Mecanizada,2,2,4,2,1,4,4,5,2,4,4,2,2,4,3,4,4,5,5,3,3,3,2,2,2,4,4,2,2,4,3,1,3,3,3,3,3,4,2,2,3,1,3,3,3,32,Varón,Universitario o terciario,"Ocupado/a en agricultura, pesca y ganadería"
12/9/2023 21:12:52,Progreso,Actualización ,Peligro,Util,Tecnología ,2,5,5,4,5,3,1,4,5,5,5,2,4,5,4,3,2,4,5,4,4,2,1,1,1,1,5,2,4,4,1,1,3,3,1,5,5,2,2,4,4,1,5,2,2,26,Mujer,Universitario o terciario,Ocupado/a en servicios de salud
12/9/2023 21:13:31,chat gpt,bard,redes neuronales,datos,genIA,5,1,4,1,2,5,5,4,4,5,5,4,2,4,1,4,5,7,9,4,3,2,3,3,2,2,4,3,2,3,4,2,2,5,1,3,4,4,2,1,4,2,2,1,1,43,Varón,Posgrado,Ocupado/a en administración o gestión
12/9/2023 21:25:11,Futuro,Peligro,Trabajo ,Seguridad,Ayuda,5,3,3,3,2,3,3,3,5,3,5,4,2,4,5,4,3,3,5,4,4,4,1,2,1,3,5,3,3,5,3,1,1,3,3,1,5,5,3,3,2,3,2,3,2,36,Varón,Secundario,Ocupado/a en administración o gestión
12/9/2023 21:25:34,Futurismo,Robot,Tecnología ,Velocidad ,Ciencia ,3,1,5,1,1,5,5,5,3,5,5,2,1,5,1,5,5,5,5,4,4,2,2,2,1,1,5,4,3,4,3,1,1,2,1,4,5,5,4,3,3,1,1,3,3,37,Mujer,Universitario o terciario,Ocupado/a en administración o gestión
12/9/2023 21:25:51,Robot,Futuro,Desconfianza ,Deshumanización ,Preocupación ,2,5,3,4,4,1,2,2,4,3,3,2,4,4,5,2,5,4,4,4,3,3,2,2,2,3,5,4,3,4,1,1,1,3,3,4,4,4,2,2,4,1,1,3,1,39,Mujer,Universitario o terciario,"Ocupado/a en bibliotecas, educación o capacitación"
12/9/2023 22:15:39,tecnología,innovación ,increíble ,automatización ,robots,1,4,5,1,3,2,3,4,4,5,5,1,2,5,2,3,1,3,1,4,4,2,1,1,1,2,5,4,4,4,2,1,1,3,1,2,4,4,5,2,5,1,2,2,1,19,Mujer,Universitario o terciario,Ocupado/a en el cuidado de otras personas
12/9/2023 22:37:28,Computadora,Rapidez,Eficacia,Practicidad ,Accesibilidad ,1,4,3,4,4,1,1,3,4,3,4,1,4,4,5,5,1,1,1,4,4,2,1,2,1,1,5,2,4,4,1,1,1,1,1,5,5,4,4,2,2,1,2,1,1,25,Mujer,Universitario o terciario,Estudiante
12/9/2023 23:20:12,Tecnologia,Rapidez,Robot ,Ciencia,Máquina 2,3,1,2,2,5,4,2,2,5,3,2,4,5,5,5,4,4,1,1,2,3,3,1,3,3,3,4,4,3,3,1,4,1,3,2,2,5,4,5,5,3,3,3,3,4,59,Mujer,Universitario o terciario,Ocupado/a en administración o gestión
12/9/2023 23:23:50,Rápido ,Solución ,Eficiencia ,Respuestas,Diverso,2,4,5,4,1,4,2,3,3,4,4,3,1,5,1,2,5,3,5,4,4,4,2,1,1,3,4,3,3,2,2,1,3,3,5,5,4,5,2,5,3,1,1,3,2,30,Mujer,Universitario o terciario,Ocupado/a en servicios de salud
12/9/2023 23:35:08,Herramienta,Asistente,Silucion,Busqueda,Respuesta,4,4,5,1,2,5,3,5,3,4,5,3,1,5,1,3,5,7,7,3,4,2,3,1,1,2,3,3,2,3,2,2,5,2,1,2,3,1,1,1,3,2,5,2,2,39,Varón,Secundario,Ocupado/a en matemáticas o computación
12/9/2023 23:53:23,Sistema,Información ,Peligro,Incontrolado,Herramienta ,2,4,4,3,2,3,1,4,4,4,4,2,3,5,5,3,4,5,3,2,4,3,1,1,1,3,5,4,1,4,1,1,2,3,2,3,5,5,1,1,2,1,2,2,2,35,Varón,Posgrado,Ocupado/a en legales
12/10/2023 0:28:39,Velocidad,Precision,Capacidad,Trabajo,Certeza,5,1,5,1,1,1,1,1,1,5,5,1,1,1,1,5,5,5,1,1,4,1,1,3,1,4,5,5,1,3,1,1,3,3,1,5,5,3,1,1,5,1,1,4,3,61,Mujer,Universitario o terciario,Ocupado/a en administración o gestión
12/10/2023 0:35:29,Incognita,Futuro,Suerte,Desconocimiento,Fe,5,5,5,5,5,5,5,5,5,5,5,5,5,5,5,5,5,9,9,4,4,1,1,1,1,3,5,4,1,5,5,5,5,5,5,5,5,5,1,5,5,5,5,5,5,58,Varón,Secundario,Ocupado/a en elaboración y servicio de alimentos
12/10/2023 7:32:18,Tecnología ,Robot,Académico ,Resolver,Innovación ,2,4,4,3,4,2,3,3,3,3,2,2,3,4,4,3,3,3,3,4,3,2,2,2,1,3,5,4,3,4,2,2,2,4,2,4,4,4,2,2,4,1,2,2,2,33,Mujer,Posgrado,Ocupado/a en el cuidado de otras personas
12/10/2023 10:41:22,Robot,dominar, no creatividad,facilidad,futuro,2,5,4,3,3,4,1,2,4,3,4,1,3,5,4,2,2,3,3,4,4,4,1,3,2,3,5,3,3,5,1,1,3,3,4,3,4,4,3,2,3,1,3,3,1,32,Mujer,Posgrado,Ocupado/a en servicios de salud
12/10/2023 10:54:22,Respuesta,Informacion,Solucion,Automatico,Maquina,4,2,3,3,3,2,2,3,1,3,4,3,2,4,4,3,2,4,3,4,4,2,1,2,1,2,5,4,2,4,1,1,4,4,4,5,4,3,1,2,4,1,3,5,1,38,Varón,Universitario o terciario,Ocupado/a en operaciones comerciales o financieras
12/10/2023 16:26:24,Eficacia,Innovación ,Desarrollo,Oportunidades,Automatización ,3,3,2,4,4,2,3,4,4,2,2,3,4,2,4,3,2,6,6,2,3,3,2,2,1,3,4,4,3,3,1,1,2,4,2,4,4,5,3,2,3,1,1,2,3,32,Varón,Posgrado,Ocupado/a en administración o gestión
12/10/2023 17:07:17,Automático,Avance,Peligro,Interacción,Amigarse,3,2,5,1,3,4,1,3,3,4,5,3,2,5,3,4,3,7,8,4,4,2,1,1,2,1,5,3,2,4,4,1,3,4,3,1,4,3,2,3,5,1,3,3,2,37,Varón,Universitario o terciario,Ocupado/a en el cuidado de otras personas
12/10/2023 22:29:01,Estadística ,Ayuda,Desarrollo,Tecnologia,Revolución ,4,2,5,1,3,4,3,4,4,5,5,3,1,5,1,5,5,8,9,4,4,3,4,2,4,2,4,3,2,3,2,2,1,3,4,4,4,4,3,4,4,2,3,4,2,44,Varón,Posgrado,Ocupado/a en matemáticas o computación
12/11/2023 10:44:54,Intriga,Miedo,Ayuda,Peligroso,Avance,1,5,5,3,3,2,2,5,5,4,5,2,3,5,2,3,4,6,5,4,4,3,2,2,1,3,5,4,4,3,1,1,2,2,2,3,4,4,3,2,3,1,2,4,2,34,Mujer,,Ocupado/a en servicios de salud
12/11/2023 13:24:28,Avance tecnológico ,Desafío ,Temor,Desconocimiento ,Herramienta,2,5,3,4,4,3,3,4,4,3,4,3,3,5,3,4,3,1,1,4,3,2,1,2,1,2,5,4,2,4,3,2,1,5,3,1,3,5,1,3,5,1,2,4,1,33,Mujer,Posgrado,Ocupado/a en servicios de salud
12/14/2023 13:25:21,Neuromante,Hal 3000,turing,versión fuerte de la analogía,saraza,1,4,2,4,2,3,3,3,4,3,3,3,4,3,4,1,3,7,7,4,3,1,3,1,1,1,1,1,1,1,1,1,1,1,1,1,1,1,1,1,1,1,1,1,1,50,Mujer,Prefiero no decirlo,Ocupado/a en legales
3/5/2024 20:31:11,Peligro,Avance,Incoherencia,Irracional,Desligue,2,2,4,1,5,2,4,4,5,4,4,2,4,4,4,3,4,9,8,4,4,3,3,3,2,1,5,5,5,5,3,1,3,1,1,4,5,5,4,1,5,1,3,3,5,27,Varón,Universitario o terciario,"Ocupado/a en comunicación, arte, deportes, o entretenimiento"
3/6/2024 10:08:03,procesos.,desarrollo.,minimizar.,vida.,futuro.,5,1,5,1,4,4,4,5,2,4,5,4,1,5,5,3,5,7,7,4,4,3,4,3,3,5,5,5,1,5,1,4,2,4,1,4,5,5,3,1,5,3,1,5,1,43,Varón,Universitario o terciario,"Ocupado/a en ciencias sociales, físicas o de la vida"
3/6/2024 11:18:35,Futuro,Yo Robot,Automatización,Peligro,Herramienta,5,5,5,1,3,5,1,5,5,5,5,2,1,5,2,5,5,5,6,4,4,3,2,2,2,2,5,5,5,4,5,1,1,1,1,1,5,5,5,2,1,1,2,1,2,27,Mujer,Universitario o terciario,Ocupado/a en administración o gestión
3/6/2024 11:23:35,Tecnología,Programación,Evolución,Copilot,Riesgo,5,1,5,1,3,4,4,5,5,5,5,3,2,5,4,2,5,6,7,4,4,4,4,2,1,3,5,3,4,5,2,1,1,2,1,4,5,5,4,1,3,1,1,3,1,22,Mujer,Universitario o terciario,Estudiante
3/6/2024 15:42:38,tecnología,avance,robótica,máquina,autómata,2,5,5,4,3,5,5,4,3,5,5,3,3,5,4,5,5,4,6,4,4,4,3,3,2,1,5,4,3,4,3,2,4,5,3,2,3,3,4,2,5,2,5,3,1,43,Mujer,Universitario o terciario,"Ocupado/a en bibliotecas, educación o capacitación"
3/6/2024 15:45:35,Superficial,Superfluo,poco durable,coeficiente intelectual,frio,1,2,3,3,3,2,2,3,3,4,3,3,3,5,3,5,4,2,1,2,3,2,1,1,1,4,4,4,4,3,4,4,1,2,5,2,3,5,4,5,3,2,1,3,3,43,Mujer,Universitario o terciario,Estudiante
3/7/2024 10:07:21,Tecnología ,Ciencia,Accesibilidad ,Cambio,Construcción ,1,5,5,4,1,4,4,3,4,4,5,1,1,5,3,2,4,7,7,3,3,3,2,2,3,2,5,4,4,4,1,1,2,1,2,4,4,4,4,1,3,1,2,1,1,37,Mujer,Universitario o terciario,"Ocupado/a en ciencias sociales, físicas o de la vida"
3/7/2024 16:48:00,Dominación,Onmipresente,Interconexión,Capacidad propia,Personas,2,4,4,2,3,4,3,4,4,3,4,4,4,3,1,3,1,8,7,1,4,2,2,3,2,4,4,4,2,4,1,1,1,4,1,4,4,5,2,1,3,1,1,2,2,35,Varón,Universitario o terciario,"Ocupado/a en reparación, mantenimiento, limpieza"
3/7/2024 18:27:11,algoritmo,datos,aplicaciones,bots,automatización,1,1,5,2,1,1,3,4,2,4,4,1,1,5,4,4,5,6,6,4,3,2,2,2,1,1,5,4,1,5,5,1,3,4,1,1,4,5,1,1,5,1,1,1,1,33,Varón,Posgrado,"Ocupado/a en ciencias sociales, físicas o de la vida"
3/28/2024 18:23:01,Automatización ,Sistematicidad,Velocidad,Eficiencia ,Incertidumbre,3,2,5,3,2,5,4,4,4,4,4,3,2,4,2,3,4,7,8,2,4,2,3,2,1,2,5,4,2,5,2,1,4,5,1,2,5,4,1,1,2,1,3,5,1,24,Varón,Universitario o terciario,"Ocupado/a en ciencias sociales, físicas o de la vida"
4/1/2024 13:08:19,Facil,Peligro ,Ayuda,Velocidad ,Atajo,1,5,2,2,3,5,2,3,4,1,3,2,3,5,3,1,2,6,4,4,4,3,2,2,1,1,3,2,1,4,2,1,4,3,1,2,5,5,3,1,5,1,4,4,1,31,Varón,Universitario o terciario,"Ocupado/a en bibliotecas, educación o capacitación"
4/1/2024 13:15:12,Robot,Tecnología ,Digital,Investigación ,Soluciones,3,3,4,2,1,2,2,4,2,4,5,1,2,5,4,3,5,5,4,4,4,4,2,2,3,1,5,3,3,3,2,1,4,2,2,3,4,3,3,2,5,1,4,4,4,46,Mujer,Universitario o terciario,"Ocupado/a en ciencias sociales, físicas o de la vida"
4/1/2024 13:46:28,Tecnología,Robot,Impersonal ,Evolución ,Digital,1,4,4,4,4,2,3,3,5,3,4,2,3,3,4,2,3,4,3,4,4,3,2,1,1,4,5,5,3,4,5,2,2,4,3,2,4,5,3,3,4,1,2,3,3,36,Mujer,Universitario o terciario,"Ocupado/a en bibliotecas, educación o capacitación"
4/6/2024 15:34:51,Moderno,Miedo,Calculador,Útil ,Potencial,3,2,5,1,1,5,4,5,1,5,5,3,1,5,2,4,3,7,6,4,4,2,3,2,1,2,4,4,2,4,5,5,1,4,1,1,2,5,1,1,5,4,1,5,2,23,Varón,Universitario o terciario,Estudiante
4/7/2024 0:37:50,datos,lenguaje,patrones,procesamiento,informacion,3,2,4,3,2,4,3,5,3,5,5,4,3,5,4,3,5,6,8,3,3,2,2,1,2,3,4,3,2,4,3,2,4,3,1,5,4,4,3,1,4,1,4,3,2,49,Varón,Secundario,Ocupado/a en ventas y actividades comerciales
4/7/2024 11:43:27,avasallante,ficcion,desconociminto,intrigante,era,4,5,4,2,2,2,1,3,4,4,3,2,3,4,5,2,3,2,2,4,4,2,1,1,1,3,5,3,1,3,2,1,1,3,4,5,4,4,2,3,3,1,1,4,2,45,Mujer,Universitario o terciario,Ocupado/a en ventas y actividades comerciales
4/14/2024 20:15:37,Robot,Ciencia,Tecnología ,Futuro,Ciencia ficción ,3,5,4,3,2,4,5,5,2,5,5,1,1,4,5,5,3,2,2,4,4,4,1,1,1,5,4,5,5,5,1,3,1,1,3,5,4,5,5,3,3,3,1,3,1,31,Mujer,Universitario o terciario,"Ocupado/a en comunicación, arte, deportes, o entretenimiento"
4/17/2024 9:40:59,Herramienta,Recurso,Precaucion,Automatizacion,Deshumanizacion,1,2,3,3,2,1,1,2,3,2,3,2,3,5,3,2,2,5,4,3,3,3,1,2,1,1,4,4,3,2,3,1,2,2,4,3,2,4,4,2,1,2,3,3,2,45,Varón,Universitario o terciario,Ocupado/a en operaciones comerciales o financieras
4/18/2024 0:15:20,Skynet,Máquina,Manipulación,Poder,Información,2,3,5,3,3,4,3,4,3,4,5,1,2,4,4,3,4,6,5,4,4,3,2,2,1,4,5,3,1,4,3,2,1,4,2,3,4,5,1,2,4,1,2,2,2,48,Varón,Universitario o terciario,"Ocupado/a en comunicación, arte, deportes, o entretenimiento"
4/19/2024 11:55:10,falso,informacion,tecnologia,robot,futuro,3,5,3,5,5,4,2,4,5,4,4,2,5,4,4,1,4,7,5,4,4,4,2,3,4,4,5,1,4,5,1,1,3,1,1,4,4,4,4,2,3,1,2,2,1,24,Mujer,Universitario o terciario,Ocupado/a en ventas y actividades comerciales
4/19/2024 12:06:35,Robot,eficiencia,inhumano,acero,rapidez,4,1,2,3,4,2,1,3,4,2,4,3,4,4,4,2,3,1,1,4,4,3,1,1,2,3,5,4,2,5,1,1,1,4,2,4,4,4,4,2,2,1,1,4,1,23,Varón,Universitario o terciario,Estudiante
4/19/2024 12:10:47,asistencia ,soporte ,desarrollo ,co-piloto,refuerzo ,3,1,5,1,2,2,4,5,2,3,4,3,1,4,1,5,5,7,7,3,4,1,4,4,1,4,4,2,2,4,1,1,3,4,1,5,4,3,2,1,2,2,2,5,4,24,Varón,Universitario o terciario,Estudiante
4/19/2024 12:22:40,Agilidad ,Solución ,Tecnología ,Reemplazo ,Entendimiento ,3,4,4,3,2,3,4,4,2,1,3,2,3,4,2,3,3,8,8,4,4,3,2,2,1,4,5,5,3,3,1,1,3,2,3,3,4,5,2,1,5,1,3,3,2,37,Mujer,Posgrado,"Ocupado/a en ciencias sociales, físicas o de la vida"
4/19/2024 12:23:45,Deshumanización ,Incontrolable,Irresponsabilidad social ,Aceleración ,Cambio de paradigma,1,5,5,4,5,5,1,5,5,4,4,3,5,5,5,1,2,4,3,4,4,4,1,2,1,4,5,1,5,4,2,1,3,1,1,3,4,4,4,2,2,1,4,1,2,24,Mujer,Universitario o terciario,Estudiante
4/19/2024 12:37:04,Avance,Utilidad,Miedo,Pérdida,Automatización,1,5,3,1,3,3,1,5,4,1,5,1,1,5,1,1,2,2,4,4,4,3,2,2,1,1,3,3,5,5,3,3,1,1,4,1,3,5,5,1,3,1,1,1,1,22,Mujer,Universitario o terciario,Ocupado/a en administración o gestión
4/19/2024 12:51:30,Máquinas ,Velocidad,Volumen,Dificultad,Sesgo,2,4,5,2,1,4,3,5,4,5,5,2,1,5,4,4,4,6,6,4,4,4,4,2,3,2,5,4,2,5,3,1,1,3,5,3,5,5,2,2,4,1,1,3,1,29,Mujer,Posgrado,"Ocupado/a en ciencias sociales, físicas o de la vida"
4/19/2024 12:56:38,AI,Programación ,Sesgo,Buscador,Síntesis ,3,3,4,3,3,4,3,4,4,3,4,3,3,4,3,3,4,4,4,4,4,4,2,1,1,3,5,4,3,4,1,1,4,2,1,4,5,4,1,4,2,1,4,2,2,23,Mujer,Universitario o terciario,"Ocupado/a en ciencias sociales, físicas o de la vida"
4/19/2024 12:59:31,Desarrollo,Herramienta ,Cognicion,Innovación ,Aprendizaje,1,1,5,1,1,2,3,5,2,3,5,1,1,4,1,4,4,9,9,2,4,4,2,2,3,3,5,5,1,5,1,1,1,5,1,4,5,5,5,1,2,1,1,5,5,43,Mujer,Posgrado,Entre trabajos o buscando empleo
4/19/2024 12:59:46,Tecnología,Control,Engaño,Utilidad,Miedo,3,5,4,3,4,2,2,4,5,4,4,3,4,5,3,2,2,4,5,4,4,3,1,2,2,3,4,4,4,4,3,2,2,3,1,4,4,5,4,1,2,2,2,1,4,22,Varón,Universitario o terciario,Ocupado/a en ventas y actividades comerciales
4/19/2024 13:02:21,Chat gpt,Ayuda,Tecnologia,Preocupacion,Aprendizaje,2,2,4,1,1,3,2,5,3,5,5,2,1,5,3,3,5,8,9,4,4,3,3,1,2,4,5,2,2,3,1,1,4,2,2,5,5,3,1,1,3,1,4,4,3,22,Mujer,Universitario o terciario,"Ocupado/a en ciencias sociales, físicas o de la vida"
4/19/2024 13:04:46,Mente,Rosa,Sesgo,Tecla,Código ,3,4,3,4,3,4,4,3,4,3,3,3,2,3,4,3,4,7,6,4,4,2,1,1,1,3,3,2,3,3,3,2,3,2,3,4,3,3,3,4,3,3,4,2,3,35,Mujer,Universitario o terciario,Ocupado/a en matemáticas o computación
4/19/2024 13:05:25,Aprendizajes,Desarrollo,Tecnologia,Problematización,Reflexión ,5,2,4,1,2,1,2,3,2,4,5,3,1,3,3,4,4,5,6,4,4,2,2,2,1,3,5,4,1,3,1,1,1,3,1,4,3,5,3,1,1,1,1,3,3,60,Varón,Posgrado,"Ocupado/a en bibliotecas, educación o capacitación"
4/19/2024 13:11:51,herramienta,creatividad,información,optimización,big data,3,1,5,1,1,3,4,5,2,5,5,3,1,4,4,4,5,6,7,3,4,4,4,4,4,3,5,5,4,5,3,1,3,1,1,4,5,5,3,1,3,1,5,4,1,60,Mujer,Posgrado,"Ocupado/a en bibliotecas, educación o capacitación"
4/19/2024 13:15:10,desarrollo,evolución,soluciones,peligro,desafio,1,4,5,3,4,4,3,3,5,5,5,5,4,5,3,3,3,4,8,4,4,2,2,1,1,3,4,3,4,5,3,2,1,2,2,3,3,5,2,3,4,2,2,3,1,39,Varón,Universitario o terciario,Ocupado/a en administración o gestión
4/19/2024 13:44:11,Actualidad,Desinteligencia,Miedo,Mentira ,Control ,2,2,2,2,1,3,1,1,3,2,5,1,3,2,3,3,1,1,1,4,4,2,1,1,1,1,5,3,2,4,1,5,1,3,1,4,5,2,4,1,1,5,3,3,5,47,Mujer,Posgrado,"Ocupado/a en ciencias sociales, físicas o de la vida"
4/19/2024 13:50:22,Inteligencia,Utilidad,Modelo,Conveniencia,Rentabilidad,4,5,3,3,4,4,1,1,2,4,4,4,2,4,5,1,2,4,4,4,4,3,2,3,1,1,4,4,4,5,3,1,1,2,1,2,4,5,4,1,3,3,1,3,1,32,Varón,Universitario o terciario,Ocupado/a en administración o gestión
4/19/2024 14:10:34,Agilidad ,Resolución ,Sesgos,Facilidad,Regulación ,1,4,3,3,4,1,2,3,4,3,5,1,2,5,4,1,4,6,7,4,4,3,4,3,3,4,2,5,4,3,4,4,4,2,2,4,2,5,5,1,3,4,1,2,3,29,Mujer,Posgrado,"Ocupado/a en ciencias sociales, físicas o de la vida"
4/19/2024 14:11:31,ordenadores,maquina,calculo,transhumano,rapidez,4,5,5,1,4,3,3,3,3,4,3,1,4,4,5,1,4,2,1,2,3,1,1,2,2,1,5,3,3,2,3,1,1,4,1,3,3,3,3,3,5,1,3,2,3,57,Varón,Universitario o terciario,Ocupado/a en servicios de salud
4/19/2024 14:39:13,Automatización,Promt,Agilidad,Innovación ,Eficiencia,5,1,5,1,1,5,5,5,2,5,5,4,1,5,2,5,5,5,6,4,4,3,3,3,4,1,5,3,4,5,4,1,1,2,3,1,4,5,3,1,4,1,2,2,1,41,Mujer,Posgrado,"Ocupado/a en ciencias sociales, físicas o de la vida"
4/19/2024 14:39:31,Chatbot,Modelo,Espejo,Educación,Velocidad,3,2,4,3,3,4,3,5,3,5,4,3,2,5,3,4,5,7,7,3,4,2,4,3,3,1,5,4,2,3,5,1,1,3,1,2,4,3,2,1,5,2,2,1,3,30,Varón,Universitario o terciario,Entre trabajos o buscando empleo
4/19/2024 14:54:56,Aprendizaje automático ,Imágenes creadas,Bots,Automatización ,Robot,3,4,5,1,1,5,4,5,4,5,5,5,2,5,5,3,5,7,9,4,4,2,4,4,1,2,2,3,2,4,2,2,5,2,4,5,4,4,1,1,2,1,4,2,5,23,Varón,Universitario o terciario,"Ocupado/a en ciencias sociales, físicas o de la vida"
4/19/2024 15:02:04,Internet,Robótico,Auonomía,Algoritmos,Retroalimentación,1,1,3,1,1,4,1,3,1,3,4,1,1,1,1,3,3,7,8,4,4,2,3,1,3,3,4,3,1,3,2,3,2,3,5,5,3,5,4,5,5,2,2,1,3,28,Mujer,Universitario o terciario,Ocupado/a en matemáticas o computación
4/19/2024 15:12:52,Futuro,Eficiencia ,Digitalización ,Inseguridad ,Aislación ,2,1,4,2,1,5,5,5,5,5,5,5,1,5,3,5,5,7,9,4,4,2,3,3,4,3,5,5,3,4,2,1,1,4,2,4,5,5,3,1,3,4,1,4,1,34,Varón,Posgrado,"Ocupado/a en ciencias sociales, físicas o de la vida"
4/19/2024 15:15:18,Avance,Facilidad,Posibilidad,Regulación ,Progreso,3,1,5,1,4,5,3,5,4,5,5,1,1,5,3,2,5,7,7,4,4,2,3,2,1,3,5,4,3,4,2,1,1,4,1,4,3,5,3,2,4,1,2,2,1,24,Varón,Universitario o terciario,Estudiante
4/19/2024 15:54:48,Novedad,Internet,Robot,Global,Raro,1,4,4,1,3,3,2,2,3,3,4,3,2,4,2,3,5,5,8,4,4,4,2,1,1,1,5,4,5,5,2,1,2,1,1,2,3,5,4,1,5,1,5,1,1,22,Mujer,Universitario o terciario,"Ocupado/a en bibliotecas, educación o capacitación"
4/19/2024 16:09:37,Tecnología ,Desarrollo,Posibilidades ,Soluciones,Oportunidad ,3,3,5,1,2,5,3,4,2,5,4,5,1,4,5,3,4,4,4,4,4,3,3,2,2,3,5,1,3,4,1,1,3,2,1,4,4,3,3,2,2,1,5,2,2,33,Varón,Universitario o terciario,Ocupado/a en administración o gestión
4/19/2024 16:24:41,Tecnología ,Software ,Big data,Ilustraciones ,Predicción ,4,4,5,2,3,4,3,4,4,5,5,2,2,5,4,4,4,6,8,4,4,2,2,3,1,3,4,3,2,4,3,1,3,4,1,2,3,3,2,1,4,1,4,4,2,28,Varón,Posgrado,"Ocupado/a en ciencias sociales, físicas o de la vida"
4/19/2024 16:48:17,Tecnologia,Poder,Personas,Informacion,Riesgos,1,5,4,4,4,4,3,3,5,4,5,1,3,3,5,3,2,2,1,4,4,4,1,3,3,1,3,4,4,3,3,1,1,1,1,3,3,4,2,1,3,1,1,1,1,44,Mujer,Universitario o terciario,Ocupado/a en operaciones comerciales o financieras
4/19/2024 17:12:06,tecnología,computadora,robot,análisis de datos,futuro,4,5,5,5,1,2,3,5,3,5,5,1,1,3,4,4,5,7,7,1,3,2,3,3,4,3,4,4,1,3,1,3,2,1,4,4,2,5,1,1,3,2,1,1,1,55,Mujer,Posgrado,Ocupado/a en administración o gestión
4/19/2024 18:03:51,computadora,mente,automático,rapidez,datos,2,4,4,2,2,3,3,4,3,4,5,2,3,5,2,3,4,7,8,4,4,2,3,3,1,2,4,3,2,3,2,2,1,3,2,3,3,4,4,2,5,1,2,2,2,37,Varón,Posgrado,"Ocupado/a en ciencias sociales, físicas o de la vida"
4/19/2024 18:05:09,Probabilidad ,Prediccion,Actualidad,Maquina,Asistente,3,1,5,1,1,4,3,5,2,5,5,4,1,5,2,4,5,9,8,4,4,2,4,3,2,3,4,4,2,4,1,3,4,2,2,3,2,4,2,2,2,1,2,3,2,23,Varón,Universitario o terciario,Estudiante
4/19/2024 19:06:49,DESUMANIZACION,MIEDO,DESEMPLEO,AUTIMATIZACION,FALTA DE RAZONAMIENTO,1,5,2,5,5,1,1,1,5,1,1,1,5,5,3,1,1,1,1,4,3,4,1,1,1,1,5,3,3,3,5,3,3,3,5,3,4,3,3,5,5,3,3,3,3,55,Mujer,Universitario o terciario,Estudiante
4/19/2024 20:42:06,Robots ,Chatbots,Programación ,Prompts,Research,1,2,3,3,1,3,1,3,2,4,3,1,2,3,3,3,2,7,6,4,4,2,3,2,1,2,5,5,3,4,1,1,1,3,3,3,4,5,3,2,4,1,1,3,2,52,Mujer,Universitario o terciario,Entre trabajos o buscando empleo
4/19/2024 22:41:32,Artificial,Manipulacion,Miedo,Increible,Inentendible,1,4,3,4,4,2,3,4,3,3,3,2,3,4,4,3,3,8,8,4,4,4,2,2,1,5,5,4,4,4,1,1,1,2,2,5,5,5,3,2,2,1,1,1,1,56,Mujer,Universitario o terciario,"Ocupado/a en ciencias sociales, físicas o de la vida"
4/19/2024 22:54:07,chatgpt,robot,escribir ,programar,rapidez,1,4,3,3,4,3,1,3,4,5,3,2,3,4,3,1,3,5,5,3,3,2,2,2,1,1,4,3,2,3,2,1,3,2,2,3,3,3,2,2,4,1,3,2,3,39,Varón,Posgrado,"Ocupado/a en ciencias sociales, físicas o de la vida"
4/19/2024 23:04:05,computadora,ficcion,dominacion,reemplazo,peligro,2,5,2,5,5,1,1,2,5,1,3,1,5,5,1,1,1,5,6,4,4,2,1,1,1,4,5,4,1,2,4,1,5,1,1,3,5,5,1,1,4,1,1,1,5,22,Mujer,Universitario o terciario,Estudiante
4/19/2024 23:16:59,Automatización,Peligro,Masividad,Terminator,Ayuda ,3,4,4,4,4,4,1,2,4,4,4,2,4,3,2,2,5,5,6,4,4,2,2,3,3,3,4,5,4,4,3,1,4,1,4,3,4,5,5,4,4,1,2,2,1,62,Varón,Posgrado,"Ocupado/a en ciencias sociales, físicas o de la vida"
4/19/2024 23:26:00,Actualidad,Poderoso,Aplicabilidad,Solución,Problema,2,1,5,2,1,3,2,4,3,4,4,2,1,4,4,4,5,4,4,4,4,2,3,4,2,2,5,2,3,2,2,1,4,2,2,4,4,4,1,2,5,1,2,2,2,27,Mujer,Posgrado,"Ocupado/a en ciencias sociales, físicas o de la vida"
4/19/2024 23:58:12,Trabajo,Tecnología,Lenguaje,Herramienta,Útil,2,2,4,2,1,5,2,4,2,3,5,1,2,5,1,2,5,4,7,4,4,2,3,1,1,1,5,2,4,4,5,1,4,2,1,1,5,3,1,1,5,1,4,2,2,20,Mujer,Universitario o terciario,Estudiante
4/20/2024 8:10:57,Oportunidad,Responsabilidad,Estudiantes,Rol docente,Barrera,3,1,5,1,1,4,1,5,5,1,5,1,3,5,3,2,5,6,8,2,4,2,2,2,4,4,5,5,1,4,1,1,4,5,1,5,5,5,1,1,4,1,1,1,1,45,Mujer,Posgrado,"Ocupado/a en bibliotecas, educación o capacitación"
4/20/2024 11:27:08,Practicidad,Ahorro de tiempo ,Sistematización ,Automatizacion,Limites,5,3,5,1,1,5,3,4,1,5,5,5,1,5,3,3,5,6,6,4,4,4,4,4,1,4,4,4,3,4,2,4,2,3,2,3,4,4,2,2,3,3,1,3,2,49,Varón,Universitario o terciario,Ocupado/a en administración o gestión
4/20/2024 12:40:49,Tecnología,Datos,Internet,Control,Robotica,2,4,4,4,4,3,3,5,4,4,3,2,3,4,5,3,4,4,7,4,4,1,3,2,2,2,5,3,4,4,2,2,4,2,1,4,4,4,5,2,4,2,5,2,2,27,Varón,Universitario o terciario,Entre trabajos o buscando empleo
4/20/2024 13:24:48,Futuro,Ciencia-ficción,Tecnología ,Avances,Robot,2,3,5,4,5,1,3,4,5,5,4,2,5,4,4,3,2,2,1,4,4,4,1,2,1,3,5,3,3,4,1,3,1,3,2,2,5,5,4,1,3,3,1,2,1,33,Mujer,Universitario o terciario,Ocupado/a en servicios de salud
4/20/2024 13:45:56,Modernidad,Computadora,Máquinas ,No humano,Desempleo,3,4,4,2,3,4,3,3,3,4,4,3,2,4,3,2,4,3,3,4,4,4,3,3,2,4,4,2,1,4,4,1,2,3,4,4,4,5,1,2,4,1,1,5,2,37,Varón,Posgrado,Ocupado/a en legales
4/20/2024 14:05:50,Información ,Ayuda,Contenido,Aliado,Generar,2,1,5,2,1,4,4,4,1,5,5,3,1,5,1,5,5,4,4,4,4,2,2,2,2,3,5,5,1,5,1,1,1,1,1,5,5,5,1,1,4,1,3,3,1,48,Mujer,Posgrado,"Ocupado/a en bibliotecas, educación o capacitación"
4/20/2024 14:06:37,Automatizacion,Resolucion,Maquina,Rapidez,Comodidad,4,1,4,1,1,4,3,4,2,5,5,4,1,4,1,5,5,8,7,1,2,3,2,2,1,1,5,4,1,3,4,5,3,2,2,4,5,5,1,2,5,1,1,4,3,39,Mujer,Universitario o terciario,Ocupado/a en operaciones comerciales o financieras
4/20/2024 14:26:14,Robot,Futuro,Cambios,Invensión,Dinero ,1,3,5,1,5,5,1,5,5,5,5,5,5,5,5,3,5,2,2,4,4,3,1,1,1,5,3,5,3,5,1,2,1,1,1,4,3,5,1,1,1,1,1,1,1,46,Varón,Posgrado,"Ocupado/a en ciencias sociales, físicas o de la vida"
4/20/2024 16:02:13,CHATGPT,Datos personales,OPEN AI,Imágenes ,Programación ,2,3,4,2,4,3,4,4,4,4,4,2,1,4,3,3,4,8,8,4,4,3,4,3,2,3,4,3,4,5,4,3,4,2,4,3,2,3,4,1,3,1,4,3,1,25,Mujer,Posgrado,"Ocupado/a en ciencias sociales, físicas o de la vida"
4/20/2024 19:23:45,Trabajo,Tiempo,Peligro,Descubrimiento,Solución ,2,5,4,5,3,3,1,4,4,2,5,2,1,4,2,3,5,6,7,4,3,2,2,2,1,1,4,4,3,2,2,1,3,2,1,1,3,5,4,1,4,1,2,3,4,24,Mujer,Universitario o terciario,"Ocupado/a en bibliotecas, educación o capacitación"
4/20/2024 22:06:27,Facil,Avance,Futuro,Desempleo,Libertad,4,1,2,4,3,2,3,1,4,2,1,1,4,1,4,2,2,9,7,4,4,2,2,2,3,3,5,5,2,5,1,1,1,5,1,5,5,4,1,1,1,1,1,4,1,65,Varón,Posgrado,Ocupado/a en administración o gestión
4/21/2024 9:13:26,Tecnología ,Curiosidad,Herramienta ,Información ,Interacción ,3,1,4,1,2,3,4,5,2,4,4,2,1,4,3,4,3,5,7,4,4,3,2,2,2,3,5,3,2,3,2,1,2,3,1,2,4,4,2,1,4,1,4,3,2,35,Varón,Universitario o terciario,Ocupado/a en administración o gestión
4/21/2024 13:29:54,Estadística,Computación,Robot,Automatización,Humano,4,3,5,3,2,4,2,4,2,5,2,3,1,4,3,3,5,8,7,4,4,3,2,2,3,3,4,4,2,3,4,2,2,4,2,2,4,4,3,2,4,1,3,4,2,37,Mujer,Posgrado,Ocupado/a en matemáticas o computación
4/21/2024 17:14:15,Cambio,Temor,Maravilloso,Ayuda,Facilidad,5,4,4,2,2,4,4,4,3,4,5,3,1,5,2,4,4,5,7,4,4,4,1,3,1,2,4,5,3,4,3,1,1,1,2,3,4,5,3,3,5,2,2,3,2,58,Mujer,Universitario o terciario,No trabaja o jubilado/a
4/21/2024 22:09:40,Novedad,Progreso,Skynet,Herramienta,Desafío ,4,4,5,1,1,5,5,5,4,4,4,3,1,5,3,3,5,8,8,4,4,4,4,4,2,2,4,3,1,4,3,4,2,3,1,2,4,5,3,1,3,1,1,2,1,26,Varón,Universitario o terciario,"Ocupado/a en bibliotecas, educación o capacitación"
4/21/2024 22:23:17,Tecnologia,Deshumanizacion,Informacion,Almacenamiento de datos,Rapidez,3,3,5,3,3,5,3,5,1,5,5,3,1,3,3,5,3,8,8,3,4,4,3,2,2,3,4,4,3,2,2,1,1,2,3,2,4,5,2,3,5,1,1,3,4,56,Mujer,Posgrado,Ocupado/a en legales
4/21/2024 22:27:18,Solucion,Rapida,Información,Riesgo,Resumen,5,5,4,2,4,3,3,5,4,3,4,2,1,5,3,4,5,4,7,4,4,3,2,1,1,2,5,4,2,5,3,1,1,2,1,3,5,5,4,1,3,1,1,1,1,37,Mujer,Universitario o terciario,Ocupado/a en ventas y actividades comerciales
4/21/2024 22:27:43,Rapidez,Computacion,Duda,Facil,Futuro,5,3,4,1,1,2,1,3,3,4,4,1,1,5,3,3,4,6,4,4,4,2,1,2,3,3,4,4,2,5,1,2,2,3,1,5,5,4,2,1,3,2,3,3,1,58,Mujer,Universitario o terciario,Ocupado/a en administración o gestión
4/21/2024 22:32:30,Facilidad,Extremo,Vagos,Increible,Comodidad,3,4,5,4,3,4,1,3,3,2,3,2,3,4,3,3,2,4,7,4,4,2,2,1,4,3,5,2,5,3,1,1,1,2,3,5,3,5,3,3,3,2,3,2,3,24,Mujer,Universitario o terciario,Entre trabajos o buscando empleo
4/21/2024 22:33:36,Tecnología,Automatización,Eficiencia,Cuidado,Reflexión,4,1,5,1,2,5,2,5,2,5,5,3,1,4,2,4,5,5,4,4,4,3,3,2,1,2,5,4,4,4,5,1,1,1,1,1,5,4,1,1,4,1,2,1,1,24,Varón,Universitario o terciario,Ocupado/a en matemáticas o computación
4/21/2024 22:54:28,Internet ,Avance,Robots,Profesional ,Tecnología,4,1,5,1,1,3,4,5,1,5,5,2,1,5,1,5,5,3,3,4,4,4,2,3,1,2,5,4,5,3,1,1,1,3,1,5,3,5,4,3,5,1,1,4,3,25,Mujer,Universitario o terciario,Ocupado/a en el cuidado de otras personas
4/21/2024 23:05:49,Tecnologia,Avance,Robot,Precision,Algoritmo,4,2,4,1,2,4,4,4,2,4,4,4,1,4,2,4,4,7,7,3,3,3,2,3,3,4,4,4,2,4,4,2,2,3,3,4,3,3,2,3,2,2,2,3,1,47,Mujer,Posgrado,Ocupado/a en legales
4/21/2024 23:09:20,Chat GPT,Imágenes ,Robótica ,Avance ,Ciencia,3,3,4,2,2,1,2,4,3,3,5,2,1,4,1,4,5,7,8,4,4,3,3,2,1,4,5,4,3,3,2,1,3,1,3,4,3,4,4,1,2,1,2,2,3,24,Mujer,Universitario o terciario,"Ocupado/a en ciencias sociales, físicas o de la vida"
4/22/2024 0:16:11,Robot,Ficticio ,Herramienta ,Sustitución ,Peligro ,2,4,5,2,4,5,2,4,5,3,3,4,2,5,1,2,2,3,3,4,4,3,1,3,1,3,5,3,5,5,1,1,2,1,1,4,4,4,2,1,3,1,4,3,1,24,Mujer,Universitario o terciario,Ocupado/a en servicios de salud
4/22/2024 6:51:37,Robot,Informatica,Digital,Videos,Edicion,3,3,5,1,2,5,1,4,3,4,5,4,1,5,4,3,5,4,2,4,3,3,1,2,2,3,4,5,2,4,1,1,1,4,3,2,3,5,2,2,4,5,5,4,1,48,Varón,Universitario o terciario,Ocupado/a en ventas y actividades comerciales
4/22/2024 7:05:57,Robot ,Ayuda,Facilidad,.,.,2,2,4,3,2,2,3,3,3,3,4,2,2,4,3,4,3,4,2,4,4,3,1,3,3,4,4,5,3,4,2,1,1,2,3,4,4,5,4,1,4,1,1,3,1,41,Mujer,Universitario o terciario,Ocupado/a en administración o gestión
4/22/2024 7:23:01,Tecnología,Avance,Inteligencia,Beneficios ,Agilizar,5,4,5,1,1,3,4,5,2,5,5,3,1,5,2,4,4,5,5,4,4,4,1,2,1,2,5,3,2,3,3,1,3,4,1,3,4,4,2,1,4,1,4,4,2,30,Mujer,Universitario o terciario,"Ocupado/a en bibliotecas, educación o capacitación"
4/22/2024 7:29:52,Aprender,Proceso ,Autonomía ,Robots,Automatización,3,3,4,2,2,3,2,3,3,3,4,3,1,4,3,2,3,5,4,4,4,2,2,3,1,3,5,4,3,5,2,1,2,2,1,3,3,5,3,1,2,1,2,2,1,29,Mujer,Universitario o terciario,"Ocupado/a en bibliotecas, educación o capacitación"
4/22/2024 8:45:46,Algoritmos,Sesgos,Rapidez,Datos,Promesa ,1,2,3,4,4,4,2,2,3,4,5,3,2,3,4,1,3,9,8,4,3,2,3,2,2,5,5,3,4,5,2,2,2,3,2,5,5,4,3,1,1,1,2,3,2,35,Mujer,Posgrado,Entre trabajos o buscando empleo
4/22/2024 9:01:43,Innovacion,Rapidez,Agil,Aprendizaje,Digital,2,3,5,4,2,4,3,3,4,5,5,4,1,4,3,4,4,2,2,3,4,3,2,2,1,1,3,2,3,3,4,3,3,2,3,1,2,3,2,3,5,2,3,3,3,55,Mujer,Posgrado,"Ocupado/a en bibliotecas, educación o capacitación"
4/22/2024 9:35:41,Automatización,Internet,Network,Conexión,Información,2,3,4,1,1,3,2,5,3,5,5,2,1,5,3,3,4,6,6,2,3,3,3,2,1,1,4,3,1,3,3,2,2,5,1,3,4,5,1,1,5,1,3,2,1,28,Varón,Universitario o terciario,Ocupado/a en administración o gestión
4/22/2024 10:23:02,Información,Peligro,Posibilidad,Ética,Robot,1,3,5,3,2,4,2,4,4,4,5,4,4,5,3,3,4,7,7,4,4,3,2,2,2,2,4,1,1,2,4,2,3,4,3,2,3,1,1,3,4,2,4,2,2,24,Varón,Universitario o terciario,Entre trabajos o buscando empleo
4/22/2024 11:04:06,Automatización,Sistematización ,Reservorio ,Rapidez ,Combinación ,2,2,5,1,1,5,2,4,2,4,5,3,1,4,3,3,1,8,9,4,4,3,3,2,2,3,4,3,3,3,2,1,1,2,1,3,1,3,3,1,4,1,4,3,3,45,Varón,Posgrado,Ocupado/a en servicios de salud
4/22/2024 11:22:07,Futuro,Chat GPT,Robot,Desempleo,Deshumanizacion,3,5,4,3,3,4,2,3,4,2,4,2,5,5,3,2,4,2,2,4,3,2,2,1,1,2,4,3,2,3,1,1,3,1,1,2,4,4,2,3,3,1,4,2,3,29,Mujer,Universitario o terciario,"Ocupado/a en comunicación, arte, deportes, o entretenimiento"
4/22/2024 12:45:24,Avance,Tecnologia,Inhumano,Desprolijo,Sesgado,1,4,2,4,4,1,1,1,5,2,1,1,5,1,4,2,2,6,5,4,4,2,4,2,2,2,5,4,4,3,4,1,2,3,4,3,3,4,2,2,4,2,2,2,3,33,Mujer,Universitario o terciario,"Ocupado/a en ciencias sociales, físicas o de la vida"
4/22/2024 13:31:45,futuro,riesgo,cuidado,oportunidad,evolución,2,3,5,4,4,4,3,5,3,4,5,4,2,5,2,3,5,8,7,4,4,3,3,3,2,2,3,4,3,4,4,3,2,3,2,3,3,4,4,2,4,2,3,4,2,42,Varón,Universitario o terciario,Ocupado/a en operaciones comerciales o financieras
4/22/2024 13:56:46,Futuro,Avance,Retroceso,Precarización laboral ,Inmediatez,5,3,3,2,3,4,4,3,3,4,4,3,3,3,3,3,1,5,5,4,4,3,2,2,1,4,4,4,2,5,1,1,4,4,1,5,4,5,3,1,3,1,2,3,1,47,Mujer,Posgrado,Ocupado/a en servicios de salud
4/22/2024 14:00:19,tecnología ,velocidad ,soluciones,robótica,miedo,4,4,5,3,3,5,3,4,5,4,5,2,3,5,5,5,5,2,3,4,4,4,2,4,2,3,5,5,1,4,1,1,3,4,3,5,5,5,3,4,3,1,3,3,1,40,Mujer,Posgrado,Ocupado/a en administración o gestión
4/22/2024 14:16:34,innovación,Creatividad,productividad,sesgos,desarrollo,3,2,5,2,2,5,3,4,4,5,5,3,1,4,4,4,4,7,8,4,4,3,3,3,2,2,4,3,4,4,4,2,3,2,2,2,4,4,4,2,5,2,3,2,2,34,Mujer,Universitario o terciario,Entre trabajos o buscando empleo
4/22/2024 14:18:43,Facilísimo ,Miedo,Complemento ,Herramienta,Rapidez,1,5,2,5,2,2,1,1,5,3,4,3,4,5,3,2,2,4,6,4,3,2,1,2,1,2,5,4,2,4,1,1,4,1,1,5,2,2,2,2,1,1,4,3,3,30,Mujer,Universitario o terciario,"Ocupado/a en bibliotecas, educación o capacitación"
4/22/2024 14:29:27,Tecnologia ,Actualidad,Herramienta ,Utilidad ,Cuidado,2,1,5,1,1,3,2,3,1,3,5,1,1,4,2,3,4,4,4,4,4,3,2,2,1,4,5,4,1,3,1,1,1,2,1,5,5,3,2,1,1,1,3,5,2,28,Mujer,Posgrado,Ocupado/a en servicios de salud
4/22/2024 18:52:10,Oportunidad,Desafío,Aceleración,Curiosidad,Cuidado,4,2,4,2,2,4,1,1,3,5,5,2,2,5,3,3,5,8,9,4,4,4,3,4,3,4,5,4,1,5,1,1,4,4,1,4,5,4,1,2,2,1,4,4,2,47,Mujer,Universitario o terciario,"Ocupado/a en comunicación, arte, deportes, o entretenimiento"
4/22/2024 19:09:27,Tecnología ,Actualidad,Asistencia ,Desafio,Futuro,2,4,4,3,1,5,3,4,2,3,4,2,1,4,4,3,4,6,6,2,3,3,2,2,2,3,3,4,3,3,1,1,1,2,1,2,3,5,3,1,4,1,1,3,3,54,Varón,Posgrado,"Ocupado/a en bibliotecas, educación o capacitación"
4/22/2024 19:21:19,Chat gpt ,Remplazo ,Robot ,Difícil ,Útil ,1,2,3,3,4,2,1,2,3,3,4,1,4,3,5,3,4,5,4,4,4,2,2,1,1,4,3,5,2,4,1,2,1,2,3,4,2,5,3,3,3,1,1,4,1,20,Mujer,Universitario o terciario,Estudiante
4/22/2024 19:22:24,Robot,Datos,Computadora,Respuestas,Rapidez,1,3,4,4,3,1,1,4,3,2,4,1,4,5,4,2,1,4,3,4,4,3,1,2,3,3,4,5,2,4,4,1,1,2,2,5,2,5,2,1,2,1,1,3,2,23,Mujer,Universitario o terciario,Estudiante
4/22/2024 19:37:16,Tecnología,Conspiración,Terminator ,Miedo,Deshumanización,2,5,3,4,4,2,3,4,5,1,4,1,5,5,4,1,4,6,4,4,4,2,3,2,1,4,5,1,3,4,1,1,4,4,1,2,4,2,2,1,2,1,4,4,2,26,Varón,Universitario o terciario,Estudiante
4/22/2024 19:58:34,Mente ,Agilidad,Productividad ,Digital,No tangible ,1,2,4,3,3,4,1,2,4,4,5,3,2,3,5,3,2,8,8,2,3,3,3,1,1,3,5,4,2,3,2,1,2,5,1,4,4,4,2,3,5,1,3,2,4,29,Varón,Posgrado,"Ocupado/a en comunicación, arte, deportes, o entretenimiento"
4/23/2024 7:44:11,brillante,futuro,nuevo,facilidad,tiempo,3,2,5,3,2,4,4,4,3,3,3,3,2,4,3,3,4,8,8,4,4,3,3,2,1,4,4,4,3,3,4,4,2,2,3,2,3,5,3,3,3,3,1,3,3,33,Varón,Secundario,Ocupado/a en matemáticas o computación
4/23/2024 7:56:00,Facilidad,Comodidad ,Adormecimiento ,Obturar,Vacío ,2,5,4,3,4,1,1,3,4,3,3,1,2,3,4,2,1,5,5,4,3,3,1,2,2,3,5,5,3,5,3,2,1,3,3,5,3,5,3,1,3,1,1,3,1,38,Mujer,Universitario o terciario,Ocupado/a en operaciones comerciales o financieras
4/23/2024 8:19:33,cambio,innovación,desafío,peligro,futuro,3,2,4,3,3,4,3,4,3,4,4,3,3,4,2,3,4,5,7,4,4,2,2,2,1,4,5,4,3,4,1,5,2,2,1,4,5,4,4,2,3,1,1,1,1,56,Mujer,Universitario o terciario,"Ocupado/a en ciencias sociales, físicas o de la vida"
4/23/2024 9:02:51,superficialidad,ficción,wikipedia,aprendizaje,manipulación,2,4,4,4,3,3,1,4,4,2,3,3,3,4,3,3,4,7,7,4,4,2,3,1,1,2,3,2,3,3,4,3,4,4,2,3,3,4,2,4,5,2,4,2,2,41,Varón,Posgrado,Entre trabajos o buscando empleo
4/23/2024 9:36:41,Velocidad,Pensamiento,Artificial,no se,no se,3,4,4,2,1,5,3,5,4,5,5,4,3,5,3,3,4,6,6,4,4,3,2,2,1,3,3,3,2,4,2,2,3,3,1,4,4,4,3,1,2,1,2,4,3,55,Varón,Posgrado,"Ocupado/a en ciencias sociales, físicas o de la vida"
4/23/2024 12:22:59,Ficticio,Herramienta,Fraude,Oportunidad ,Miedo,2,3,4,2,1,3,2,4,4,2,4,2,2,4,4,2,4,6,5,4,4,2,2,1,4,4,4,3,2,4,1,1,2,3,1,4,3,4,2,1,2,1,2,3,1,35,Varón,Posgrado,"Ocupado/a en bibliotecas, educación o capacitación"
4/23/2024 13:32:40,Innovación,Colaboración,Intriga,Desafío,curiosidad,2,1,4,1,1,3,5,5,1,5,5,5,1,4,1,4,5,5,9,4,4,3,3,2,4,3,5,2,3,4,3,2,3,2,2,2,4,3,2,2,4,2,3,2,1,49,Varón,Posgrado,"Ocupado/a en comunicación, arte, deportes, o entretenimiento"
4/23/2024 13:47:51,Cansancio,Inquietud,Negocio,Preocupación ,Vejez,1,5,3,3,2,1,2,2,5,3,5,1,2,5,5,3,3,4,2,4,4,3,1,2,2,3,5,3,1,4,2,1,1,1,1,2,5,5,2,1,3,1,1,4,1,58,Mujer,Posgrado,"Ocupado/a en ciencias sociales, físicas o de la vida"
4/24/2024 15:38:48,Poder,Posibilidad,Riesgo,Peligro,Tecnologia,1,4,3,4,5,5,3,4,5,5,4,5,4,5,5,2,4,4,6,2,4,2,3,2,2,2,4,3,2,4,5,2,2,2,1,2,2,5,3,2,4,2,4,2,2,33,Varón,Universitario o terciario,Entre trabajos o buscando empleo
4/24/2024 22:44:25,Computadora ,Ayuda,Desafío ,Plagio,Complicado ,3,4,4,3,3,5,3,4,3,5,5,3,1,5,3,4,5,7,7,4,4,3,2,1,1,1,5,1,4,5,2,1,3,1,1,3,4,3,3,1,5,1,5,3,1,54,Mujer,Posgrado,"Ocupado/a en bibliotecas, educación o capacitación"
4/24/2024 22:50:51,Imagen,Cuenta,Tarea,Adolescentes ,Trabajo ,2,1,3,2,3,3,4,2,2,5,5,5,1,5,1,3,4,4,8,4,4,4,4,4,1,3,4,4,3,5,4,1,2,1,1,5,4,5,5,1,5,1,3,2,1,44,Mujer,Universitario o terciario,"Ocupado/a en bibliotecas, educación o capacitación"
4/24/2024 22:54:56,Apertura,Crecimiento ,Innovación ,Cambio,Futuro ,5,1,5,1,1,4,1,5,1,4,5,4,1,5,4,4,4,7,7,4,4,2,4,3,3,3,4,4,4,5,1,1,2,1,1,5,4,4,2,2,2,1,3,4,1,51,Mujer,Posgrado,"Ocupado/a en bibliotecas, educación o capacitación"
4/24/2024 23:02:39,Copia,Automático ,Simulación ,Irreal ,Opción ,1,2,3,5,3,1,1,1,3,3,3,1,5,4,5,3,1,2,2,4,4,3,1,2,2,4,5,5,5,5,1,3,1,1,2,1,3,5,4,4,4,1,1,5,1,48,Mujer,Universitario o terciario,"Ocupado/a en bibliotecas, educación o capacitación"
4/25/2024 7:16:05,Progreso ,Simplicidad ,Avance,Fin de los tiempos ,Revolución ,2,5,5,5,3,5,1,5,5,5,5,3,3,5,5,5,5,4,10,4,4,4,3,1,4,1,5,5,4,3,3,1,1,1,1,3,5,5,5,2,1,1,1,3,1,41,Mujer,Universitario o terciario,"Ocupado/a en bibliotecas, educación o capacitación"
4/25/2024 15:23:03,tecnologia,simplicidad,rapidez,precaucion,datos,1,4,4,2,3,4,1,2,5,2,5,2,1,5,2,4,3,3,3,4,4,2,4,1,1,3,5,4,1,3,4,1,1,2,2,4,4,5,2,1,5,2,1,4,2,23,Mujer,Universitario o terciario,"Ocupado/a en ciencias sociales, físicas o de la vida"
4/26/2024 9:03:18,Rapidez,Procesamiento ,Amplitud ,Tecnología ,Ingenio,3,2,2,2,2,2,2,4,2,5,5,2,2,2,4,2,4,4,4,3,4,3,3,1,1,1,4,4,2,5,2,2,2,1,1,2,3,5,1,2,5,2,3,1,1,30,Mujer,Universitario o terciario,Estudiante
4/26/2024 20:25:51,Maquina,Robot,Cerebro,Digital,Imitación,4,2,2,1,1,3,5,5,3,5,5,2,4,3,1,3,1,4,4,4,4,1,2,1,1,1,2,1,1,2,5,5,2,3,3,1,1,5,2,5,5,3,3,1,4,27,Varón,Universitario o terciario,Estudiante
4/27/2024 13:20:39,Futuro,Llegó,Crisis,Oportunidad,Incognita,4,3,4,3,3,4,2,4,3,4,4,3,3,4,3,4,4,7,7,4,4,4,3,4,4,3,4,4,2,4,2,2,2,2,1,2,2,4,2,2,4,2,2,4,2,64,Varón,Universitario o terciario,Ocupado/a en administración o gestión
4/27/2024 17:46:32,Catastrofe,velocidad,reemplazo,futuro,Maquina,1,5,3,4,3,5,1,2,5,3,4,4,4,5,3,2,2,5,3,4,4,2,2,2,1,1,4,1,2,3,5,2,1,2,1,1,3,3,3,1,4,2,5,2,2,28,Varón,Universitario o terciario,"Ocupado/a en ciencias sociales, físicas o de la vida"
4/28/2024 16:57:52,Rapidez,Riesgo ,Comodidad,Pasividad ,Avances,2,4,3,4,4,3,1,4,5,4,4,2,2,5,4,3,2,5,3,4,4,2,2,2,1,3,5,3,3,4,1,1,3,4,3,4,5,3,2,2,4,1,4,2,2,37,Mujer,Universitario o terciario,"Ocupado/a en bibliotecas, educación o capacitación"
4/29/2024 6:30:28,Avances,Tecnología,Desarrollo,Riesgos,Futuro,1,2,3,3,2,3,3,3,4,3,4,2,2,4,1,2,3,3,1,4,2,2,1,1,1,3,5,4,2,3,3,1,2,3,2,3,4,5,3,2,5,1,2,3,2,42,Mujer,Posgrado,Ocupado/a en servicios de salud
4/29/2024 8:12:00,Futuro,Progreso,Crecimiento,Resolucion,Ayuda,5,1,5,1,1,5,5,5,1,5,5,5,1,5,1,5,5,7,8,4,4,4,4,4,2,4,5,5,3,4,2,2,1,4,1,4,3,5,3,1,2,1,1,2,1,53,Mujer,Universitario o terciario,Ocupado/a en servicios de salud
4/29/2024 8:44:46,Herramienta de trabajo,Iinformativa,Imprecisa,Superficial,Recurso pedagógica ,4,3,4,4,1,3,3,3,4,4,4,1,3,3,1,4,4,6,6,3,2,3,2,1,1,4,2,2,3,4,3,1,2,2,1,1,5,5,3,2,1,1,3,2,3,58,Varón,Posgrado,Ocupado/a en servicios de salud
4/29/2024 8:56:37,Computadora ,Pensar,Resolución de problemas ,Recurso,Idealización ,1,3,4,2,2,3,3,3,2,3,4,3,2,4,3,3,3,2,2,4,3,1,2,3,1,3,4,2,1,2,1,2,3,2,4,4,5,3,4,2,4,2,5,4,4,40,Mujer,Universitario o terciario,"Ocupado/a en ciencias sociales, físicas o de la vida"
4/29/2024 9:11:53,Programa ,Información ,Informatica,Resolución ,Problema ,3,1,3,1,1,5,2,3,1,2,4,3,1,4,1,2,2,5,4,3,3,2,3,1,2,1,4,4,1,2,2,2,1,1,2,3,2,2,1,1,2,1,3,4,1,58,Varón,Posgrado,Ocupado/a en servicios de salud
4/29/2024 9:13:17,"Rapido, ",Practico,Fluido,Permeable,Capaz,2,2,4,2,2,3,3,4,4,4,3,4,1,4,2,4,4,6,6,4,4,3,3,2,1,3,5,3,4,2,2,2,1,2,2,3,4,5,2,2,2,1,1,1,2,26,Mujer,Universitario o terciario,Ocupado/a en servicios de salud
4/29/2024 9:25:54,Miedo,Humano,Robot ,Mecánico ,Tecnología ,5,1,5,1,1,5,3,5,1,5,5,3,1,3,3,2,2,5,5,4,4,2,2,4,1,3,3,3,2,3,3,2,1,2,1,2,3,1,3,1,2,1,1,3,3,39,Varón,Universitario o terciario,Ocupado/a en ventas y actividades comerciales
4/29/2024 10:50:09,Esclavitud,Dependencia,Dominio,Obligacion,Herramienta,2,4,3,4,5,4,2,2,4,4,3,4,4,4,5,2,1,8,4,1,3,3,1,1,1,1,3,2,4,4,2,2,4,1,1,1,1,1,1,1,5,2,5,1,1,41,Varón,Posgrado,"Ocupado/a en bibliotecas, educación o capacitación"
4/29/2024 11:12:02,Ayuda,Desconfianza,Criterios,Revisión,Evolución,3,4,5,1,1,4,3,3,1,5,5,5,1,5,3,5,5,7,7,4,3,2,3,2,1,4,5,5,3,5,1,1,3,2,1,4,4,5,2,1,3,1,3,2,1,61,Mujer,Posgrado,Ocupado/a en servicios de salud
4/29/2024 11:18:32,Trampa,Plagio,Ayuda,Herramienta,Diversión,1,3,4,2,4,4,2,4,4,2,4,3,2,4,5,3,4,5,4,4,4,2,2,2,2,3,4,5,1,4,2,1,1,3,1,3,4,5,1,1,3,1,1,3,4,32,Mujer,Posgrado,Ocupado/a en servicios de salud
4/29/2024 11:36:06,Computadora,Estadística ,Programación ,Error,Cuidado,5,2,5,5,1,4,2,5,3,4,5,4,1,5,3,5,4,2,3,4,4,4,2,2,3,1,5,5,5,5,2,1,1,2,1,1,5,5,2,1,5,1,1,2,1,47,Mujer,Posgrado,Ocupado/a en servicios de salud
4/29/2024 13:17:35,computadora,futuro,incertidumbre,ciencia ficción,desafío,1,3,5,4,5,1,1,3,4,4,5,1,1,5,5,2,3,1,1,4,3,2,1,2,1,1,5,4,1,5,1,1,4,1,1,5,5,4,1,1,5,1,4,3,1,59,Mujer,Posgrado,"Ocupado/a en ciencias sociales, físicas o de la vida"
4/29/2024 13:39:56,Rapidez,Reemplazo ,Tecnología ,Avsnces,Cambio,4,2,4,1,3,2,1,3,2,4,5,3,1,4,1,3,2,4,4,3,4,2,2,2,1,1,4,5,2,4,1,1,1,3,2,4,4,4,2,4,4,1,1,4,2,51,Mujer,Posgrado,Ocupado/a en servicios de salud
5/3/2024 17:25:19,Regulaciones,Robots,Riesgos,Desempleo,Complejo,2,5,3,4,2,5,3,4,4,3,3,5,5,5,5,1,3,5,5,4,4,2,4,2,1,1,5,3,2,5,5,1,3,2,1,1,5,5,1,1,4,1,3,1,1,34,Mujer,Posgrado,"Ocupado/a en ciencias sociales, físicas o de la vida"
5/4/2024 9:27:57,Copia,Irreal,Es como un sueño interpretado,Miedo,Tonos oscuros,1,5,3,5,4,1,1,2,5,2,3,1,5,4,5,1,1,7,7,3,2,1,1,2,1,3,5,4,5,4,3,1,5,3,3,3,2,5,3,3,5,1,2,1,5,33,Mujer,Universitario o terciario,
5/4/2024 11:14:46,Ubicuidad,Conciencia,Derechos,Libertad,Preocupacion,1,5,2,4,4,4,1,4,5,4,4,2,4,4,5,2,2,2,1,4,4,2,1,2,1,3,4,4,2,4,3,1,2,3,1,4,5,4,4,1,2,1,2,2,1,76,Varón,Posgrado,Ocupado/a en servicios de salud
5/4/2024 17:35:16,robots,chat gtp,datos,rapidez,volumen,2,5,4,3,3,2,1,1,5,3,4,1,4,5,4,2,3,4,6,4,4,2,2,1,1,3,4,3,3,4,1,2,4,2,3,4,1,5,4,4,3,2,2,3,2,33,Mujer,Universitario o terciario,Ocupado/a en administración o gestión
5/5/2024 13:14:11,asistencia,posible,difícil,inquietante,futuro,2,3,5,2,2,5,3,4,4,5,5,3,1,5,3,4,4,3,2,4,3,3,1,2,1,3,5,4,2,4,4,1,3,4,2,3,5,4,1,1,3,1,3,2,1,59,Mujer,Posgrado,"Ocupado/a en bibliotecas, educación o capacitación"
5/5/2024 22:09:49,Computadora,Redes sociales,Algoritmo,Robot,Técnica,1,4,4,3,3,4,1,4,5,3,4,2,4,5,5,3,4,2,2,4,4,4,2,2,1,3,5,2,5,3,2,1,2,1,1,3,5,4,5,3,4,1,3,1,4,28,Mujer,Universitario o terciario,Ocupado/a en administración o gestión
5/7/2024 11:32:10,Ayuda,Facilidad,Accesibilidad,Respuestas,Productividad,3,3,5,2,2,3,2,4,5,5,5,3,3,5,2,4,5,4,6,4,4,3,3,2,1,3,5,4,3,5,1,2,3,3,1,3,2,3,3,1,4,1,4,3,1,24,Mujer,Universitario o terciario,"Ocupado/a en bibliotecas, educación o capacitación"
5/7/2024 14:12:33,ROBOT,ESTUDIO,FUTURO,RESPONSABILIDAD,APLICACION,1,3,3,2,3,2,2,3,3,3,3,3,1,3,5,3,3,2,2,1,2,1,1,1,2,4,4,4,2,3,1,1,1,4,3,5,4,2,3,3,3,1,2,4,3,50,Mujer,Posgrado,Ocupado/a en administración o gestión
5/7/2024 15:48:26,ayuda,ideas,rapidez,facilidad,recurso,2,1,5,1,1,3,3,3,2,5,5,2,1,3,1,4,3,5,7,4,4,4,3,3,3,2,4,4,2,4,2,1,2,1,1,3,4,3,2,1,3,1,3,3,1,60,Mujer,Posgrado,"Ocupado/a en bibliotecas, educación o capacitación"
5/8/2024 11:47:43,tecnología,red,comunicación,propuesta,trayecto,2,3,4,2,1,3,3,4,4,4,5,4,2,4,2,3,3,5,2,4,3,3,1,2,1,2,5,3,4,2,2,1,2,2,2,3,5,5,5,2,5,1,4,2,3,33,Mujer,Posgrado,"Ocupado/a en bibliotecas, educación o capacitación"
5/8/2024 14:03:58,robot,automatización,asombro,incertidumbre,enigma,4,3,4,2,3,4,3,3,3,3,4,3,2,5,3,3,4,6,6,4,4,3,2,2,1,1,4,4,2,2,4,2,1,3,1,1,4,5,4,2,4,2,1,3,3,43,Mujer,Universitario o terciario,Ocupado/a en administración o gestión
5/8/2024 14:16:25,Evolución,desarrollo,conocimiento,asistencia,soporte,3,2,5,1,1,5,1,4,1,5,5,4,1,2,2,4,3,9,9,4,4,3,4,4,4,3,4,2,1,4,2,2,4,3,3,2,4,2,2,3,3,2,4,4,4,46,Varón,Secundario,Ocupado/a en matemáticas o computación
5/9/2024 20:15:55,Innovación,Creación,Contenido,Peligroso,Progreso,3,4,4,3,3,2,1,3,4,4,4,4,2,4,4,3,4,7,7,4,4,2,4,1,1,3,4,2,4,4,3,2,4,2,2,3,4,2,4,2,5,2,4,2,2,25,Varón,Posgrado,"Ocupado/a en ciencias sociales, físicas o de la vida"
5/9/2024 21:51:16,Herramienta,Complemento,Facilidad,Transhumanismo,Cibernética,5,2,4,2,1,5,3,3,3,5,5,2,1,3,3,3,5,8,8,2,4,3,4,1,1,1,2,2,4,5,3,2,4,1,1,1,2,2,5,1,3,2,5,1,1,24,Varón,Universitario o terciario,"Ocupado/a en ciencias sociales, físicas o de la vida"
5/10/2024 13:55:19,tecnologia,avances,innovación,agilidad,productividad,3,4,5,5,2,3,4,5,2,5,4,4,1,5,2,5,5,7,4,4,4,4,2,3,1,4,5,5,2,5,1,1,1,1,3,5,5,5,1,3,4,1,1,4,1,48,Mujer,Universitario o terciario,Ocupado/a en administración o gestión
5/10/2024 14:10:44,Robot,Búsqueda,Herramienta,Desarrollo,Cuidado,2,3,2,1,1,4,1,1,2,3,5,2,1,4,2,4,1,6,4,4,4,2,2,1,1,1,5,4,1,3,5,2,3,4,2,2,2,5,1,4,5,1,3,4,2,25,Varón,Universitario o terciario,"Ocupado/a en comunicación, arte, deportes, o entretenimiento"
5/10/2024 14:24:33,herramienta,utilidad,velocidad,responsabilidad,adaptación,2,3,2,3,1,3,1,3,4,2,4,1,3,5,4,2,3,6,8,4,3,3,2,1,1,3,5,4,2,4,1,2,4,3,2,3,4,5,3,3,3,1,2,3,2,35,Varón,Universitario o terciario,Ocupado/a en administración o gestión
5/10/2024 14:35:45,Futuro,Robot,Avance,Intelegencia,Datos,1,5,5,4,4,5,4,5,4,3,5,3,3,5,4,4,4,7,8,4,4,4,4,2,2,5,5,4,4,5,1,2,3,2,2,5,4,4,2,3,3,2,3,3,1,45,Mujer,Universitario o terciario,"Ocupado/a en comunicación, arte, deportes, o entretenimiento"
5/11/2024 14:24:55,Tecnologia,Robots,Ciencia ,Futuro,Cambios,1,3,5,2,1,3,1,3,3,5,4,3,1,5,3,3,4,6,5,4,4,3,1,3,4,4,5,5,1,5,3,1,4,2,3,4,4,3,3,3,1,5,3,3,1,40,Mujer,Universitario o terciario,"Ocupado/a en bibliotecas, educación o capacitación"
5/11/2024 21:11:25,Dispositivo,Aplicacion,Chat gpt,Prompt,Facil,3,5,3,4,5,1,2,3,5,3,3,1,3,5,4,3,1,5,4,4,4,2,1,2,2,1,5,4,1,4,1,1,1,3,1,4,4,5,1,1,5,1,1,4,1,48,Mujer,Posgrado,"Ocupado/a en bibliotecas, educación o capacitación"
5/13/2024 11:18:51,gpt,generativa,saber,copiloto,respuestas,4,4,5,1,1,5,4,5,3,5,5,3,1,5,4,5,5,7,8,2,4,2,4,2,2,2,4,5,1,4,2,2,1,5,1,3,5,5,1,2,1,1,1,4,4,44,Mujer,Universitario o terciario,Ocupado/a en matemáticas o computación
5/14/2024 13:43:21,Presente,Futuro,Tecnología,Posibilidades,Avance,2,4,4,4,4,3,3,4,3,3,3,3,4,5,4,2,3,3,3,2,4,3,2,2,1,3,4,5,4,5,4,2,1,3,3,2,4,5,3,2,4,2,1,3,1,40,Mujer,Posgrado,"Ocupado/a en bibliotecas, educación o capacitación"
5/17/2024 12:03:33,Tecnología,Digitalidad,Aceleración,Automatización,Desarollo,3,2,5,3,1,3,1,3,2,3,5,3,1,5,1,3,5,7,7,4,4,3,3,2,1,3,5,5,1,3,2,1,2,4,1,2,3,5,1,1,3,1,2,3,1,23,Varón,Universitario o terciario,Estudiante